0,,,Version=1.30
10,3.77219,0.800622,
20,3.87307,1.59646,
30,3.95966,2.1947,
40,4.03556,2.80379,
50,4.12265,3.60327,
60,4.21311,,
70,4.23902,,
80,4.24871,4.16951,
90,4.25706,4.17862,
100,4.25827,4.17862,
110,4.25954,4.17862,
120,4.26008,4.16913,
130,4.25866,4.15754,
140,4.259,4.14041,
150,4.25739,4.13427,
160,4.25794,4.10955,
170,4.25793,4.09556,
180,4.25786,4.09556,
190,4.2576,4.07786,
200,4.25444,4.06379,
210,4.25491,4.05899,
220,4.25505,4.03905,
230,4.25513,4.02235,
240,4.25564,4.01785,
250,4.25544,4.01198,
260,4.25549,4.00165,
270,4.25532,4.00026,
280,4.25545,4.00069,
290,4.25586,3.99847,
300,4.25491,3.99903,
310,4.25474,3.99845,
320,4.25498,3.99578,
330,4.25499,3.99652,
340,4.25521,3.99832,
350,4.25499,3.99298,
360,4.25472,3.99256,
370,4.25491,3.99271,
380,4.25463,3.99202,
390,4.25437,3.98905,
400,4.25521,3.99584,
410,4.25492,3.98969,
420,4.25532,3.9889,
430,4.25549,3.98932,
440,4.25529,3.99246,
450,4.2555,3.9864,
460,4.25593,3.98543,
470,4.25572,3.97142,
480,4.25559,3.97972,
490,4.25595,3.98416,
500,4.25635,3.98358,
510,4.25722,3.98268,
520,4.25713,3.98001,
530,4.25484,3.98056,
540,4.25546,3.97828,
550,4.25546,3.97209,
560,4.25558,3.96614,
570,4.25643,3.96619,
580,4.25693,3.96975,
590,4.25695,3.97602,
600,4.25781,3.96709,
610,4.25807,3.96397,
620,4.25953,3.96678,
630,4.25671,3.96867,
640,4.2577,3.95928,
650,4.25798,3.95497,
660,4.25965,3.9542,
670,4.25713,3.94819,
680,4.25793,3.93665,
690,4.2571,3.93665,
700,4.2551,3.93001,
710,4.255,3.91268,
720,4.25572,3.90468,
730,4.2565,3.89422,
740,4.25687,3.88852,
750,4.25565,3.8772,
760,4.25639,3.85856,
770,4.25736,3.84587,
780,4.2579,3.84534,
790,4.25659,3.84503,
800,4.25518,3.82459,
810,4.25617,3.81876,
820,4.25703,3.8052,
830,4.25785,3.78992,
840,4.26047,3.79639,
850,4.25713,3.78207,
860,4.25822,3.7771,
870,4.25649,3.76409,
880,4.2577,3.75135,
890,4.25825,3.7414,
900,4.25826,3.73253,
910,4.25732,3.71567,
920,4.25859,3.69714,
930,4.25922,3.69714,
940,4.25698,3.68555,
950,4.25788,3.66498,
960,4.2571,3.65274,
970,4.25744,3.63806,
980,4.2585,3.61899,
990,4.25922,3.61899,
1000,4.2572,3.58753,
1010,4.25772,3.569,
1020,4.25907,3.569,
1030,4.25798,3.54718,
1040,4.25877,3.54718,
1050,4.25828,3.52618,
1060,4.25899,3.51521,
1070,4.25785,3.50128,
1080,4.25783,3.49259,
1090,4.2595,3.46793,
1100,4.25776,3.45047,
1110,4.25921,3.43914,
1120,4.25709,3.41255,
1130,4.25845,3.39161,
1140,4.25991,3.39161,
1150,4.25792,3.37603,
1160,4.25767,3.35022,
1170,4.25807,3.35022,
1180,4.25666,3.33136,
1190,4.25713,3.31895,
1200,4.25646,3.30572,
1210,4.2574,3.28042,
1220,4.25867,3.25461,
1230,4.25985,3.24461,
1240,4.25777,3.21311,
1250,4.25816,3.20198,
1260,4.25773,3.17737,
1270,4.25693,3.15438,
1280,4.25867,3.13299,
1290,4.25743,3.13299,
1300,4.25542,3.11705,
1310,4.25683,3.09187,
1320,4.25834,3.08046,
1330,4.25839,3.06071,
1340,4.25648,3.03167,
1350,4.25777,3.01689,
1360,4.25677,2.99302,
1370,4.25837,2.98285,
1380,4.25909,2.96826,
1390,4.25811,2.95798,
1400,4.25798,2.93507,
1410,4.26012,2.92151,
1420,4.25992,2.90921,
1430,4.25831,2.88835,
1440,4.25807,2.87739,
1450,4.25941,2.86117,
1460,4.25752,2.83339,
1470,4.25818,2.82442,
1480,4.25843,2.79766,
1490,4.25988,2.79766,
1500,4.25886,2.77553,
1510,4.25978,2.74996,
1520,4.25864,2.73614,
1530,4.25915,2.7208,
1540,4.26072,2.7208,
1550,4.25911,2.7208,
1560,4.25927,2.68021,
1570,4.2573,2.66956,
1580,4.2596,2.64396,
1590,4.2582,2.62563,
1600,4.25886,2.59413,
1610,4.25994,2.5803,
1620,4.25943,2.56815,
1630,4.25736,2.55114,
1640,4.25858,2.55114,
1650,4.25793,2.51192,
1660,4.2596,2.48319,
1670,4.26004,2.47022,
1680,4.25858,2.45299,
1690,4.25927,2.4226,
1700,4.25993,2.41539,
1710,4.25804,2.39931,
1720,4.25931,2.37072,
1730,4.25896,2.35744,
1740,4.25987,2.34161,
1750,4.25887,2.31629,
1760,4.2582,2.30196,
1770,4.25891,2.30196,
1780,4.25844,2.27505,
1790,4.25965,2.2593,
1800,4.25845,2.247,
1810,4.25922,2.21606,
1820,4.25887,2.20376,
1830,4.25777,2.175,
1840,4.25985,2.15499,
1850,4.25874,2.12668,
1860,4.25874,2.11215,
1870,4.25939,2.08727,
1880,4.25878,2.0813,
1890,4.25807,2.07061,
1900,4.25825,2.0504,
1910,4.25742,2.02219,
1920,4.25874,2.01029,
1930,4.26006,2.00198,
1940,4.25975,1.99006,
1950,4.25873,1.97844,
1960,4.25982,1.96782,
1970,4.25901,1.94173,
1980,4.25976,1.94173,
1990,4.25927,1.9261,
2000,4.25845,1.89372,
2010,4.25958,1.89372,
2020,4.25876,1.87578,
2030,4.25738,1.85879,
2040,4.25919,1.84151,
2050,4.2584,1.82462,
2060,4.25974,1.81148,
2070,4.25926,1.79828,
2080,4.25737,1.78478,
2090,4.25875,1.73939,
2100,4.26007,1.73939,
2110,4.25917,1.71155,
2120,4.25858,1.67128,
2130,4.25953,1.6577,
2140,4.25981,1.64717,
2150,4.25991,1.63601,
2160,4.25838,1.63601,
2170,4.25742,1.60234,
2180,4.25956,1.58974,
2190,4.25857,1.57837,
2200,4.25915,1.56299,
2210,4.25899,1.54816,
2220,4.25839,1.53336,
2230,4.26059,1.53336,
2240,4.25984,1.51682,
2250,4.25866,1.50714,
2260,4.25775,1.47948,
2270,4.25947,1.4648,
2280,4.25979,1.44989,
2290,4.25893,1.43635,
2300,4.25853,1.42086,
2310,4.25977,1.40427,
2320,4.25935,1.38404,
2330,4.25826,1.38404,
2340,4.25655,1.38404,
2350,4.25624,1.35563,
2360,4.25454,1.31844,
2370,4.25622,1.29514,
2380,4.25507,1.28657,
2390,4.25599,1.27409,
2400,4.25631,1.27409,
2410,4.25602,1.24804,
2420,4.25582,1.23294,
2430,4.25609,1.21773,
2440,4.25586,1.19078,
2450,4.25602,1.16192,
2460,4.25676,1.16192,
2470,4.25585,1.14406,
2480,4.25689,1.13435,
2490,4.2557,1.12725,
2500,4.25634,1.11789,
2510,4.2533,1.09838,
2520,4.25484,1.08685,
2530,4.25627,1.06749,
2540,4.25659,1.0591,
2550,4.25626,1.0591,
2560,4.25571,1.04534,
2570,4.25553,1.03683,
2580,4.25509,1.02215,
2590,4.25646,1.01117,
2600,4.25636,1.01117,
2610,4.25574,0.991401,
2620,4.25622,0.986132,
2630,4.25515,0.966757,
2640,4.25642,0.960243,
2650,4.25251,0.950613,
2660,4.25407,0.930998,
2670,4.25405,0.930998,
2680,4.25462,0.91318,
2690,4.25254,0.893677,
2700,4.25375,0.883922,
2710,4.25493,0.872191,
2720,4.2508,0.872193,
2730,4.25007,0.852448,
2740,4.24967,0.832473,
2750,4.25028,0.809394,
2759,4.24989,0.800915,Finish=FinishedChargeCurrent
2790,4.13695,-0.00107747,
2820,4.12913,-0.00107598,
2850,4.12423,-0.00107492,
2880,4.12074,-0.00107408,
2910,4.118,-0.00107354,
2940,4.11576,-0.00107305,
2970,4.11398,-0.00107259,
3000,4.1125,-0.00107221,
3030,4.11121,-0.00107188,
3060,4.11013,-0.00107158,
3090,4.10913,-0.00107139,
3120,4.1083,-0.0010712,
3150,4.10755,-0.00107099,
3180,4.10687,-0.00107077,
3210,4.10624,-0.00107058,
3240,4.10564,-0.0010705,
3270,4.10515,-0.00107028,
3300,4.10471,-0.00107028,
3330,4.10426,-0.00107023,
3360,4.1037,-0.00107006,Finish=MaxDischargeTime
3370,3.44568,-4.4964,
3380,3.42471,-4.49676,
3390,3.41419,-4.49674,
3400,3.40794,-4.49672,
3410,3.40397,-4.49656,
3420,3.40088,-4.49675,
3430,3.39922,-4.4965,
3440,3.39822,-4.4968,
3450,3.39762,-4.49645,
3460,3.39753,-4.49656,
3470,3.39763,-4.49671,
3480,3.39779,-4.49688,
3490,3.39814,-4.49657,
3500,3.39831,-4.49647,
3510,3.39828,-4.49662,
3520,3.39832,-4.49656,
3530,3.39818,-4.4968,
3540,3.39793,-4.49673,
3550,3.39747,-4.49669,
3560,3.39695,-4.4968,
3570,3.39615,-4.49683,
3580,3.39513,-4.49671,
3590,3.39404,-4.49656,
3600,3.39267,-4.49679,
3610,3.39108,-4.49688,
3620,3.38958,-4.4968,
3630,3.38768,-4.49666,
3640,3.38555,-4.49664,
3650,3.38322,-4.49661,
3660,3.38054,-4.49678,
3670,3.37791,-4.49665,
3680,3.37487,-4.49665,
3690,3.37169,-4.49662,
3700,3.36827,-4.49665,
3710,3.36468,-4.4967,
3720,3.36128,-4.49654,
3730,3.35745,-4.49655,
3740,3.35318,-4.49693,
3750,3.34857,-4.49683,
3760,3.34411,-4.497,
3770,3.33918,-4.49683,
3780,3.33412,-4.49687,
3790,3.32875,-4.49674,
3800,3.32345,-4.49678,
3810,3.31767,-4.49666,
3820,3.31228,-4.49655,
3830,3.30707,-4.49659,
3840,3.30176,-4.49665,
3850,3.29648,-4.49671,
3860,3.29066,-4.49668,
3870,3.28532,-4.49659,
3880,3.27992,-4.4969,
3890,3.27472,-4.49686,
3900,3.26957,-4.49677,
3910,3.2646,-4.49674,
3920,3.25975,-4.49657,
3930,3.25486,-4.4967,
3940,3.25052,-4.49659,
3950,3.24631,-4.49671,
3960,3.24228,-4.49658,
3970,3.23826,-4.49639,
3980,3.23435,-4.49685,
3990,3.23046,-4.4966,
4000,3.22695,-4.4967,
4010,3.22322,-4.49661,
4020,3.21983,-4.49658,
4030,3.21642,-4.49685,
4040,3.21325,-4.4967,
4050,3.2103,-4.49665,
4060,3.20754,-4.49666,
4070,3.20447,-4.49689,
4080,3.20145,-4.49664,
4090,3.19856,-4.49658,
4100,3.19578,-4.49665,
4110,3.19306,-4.49673,
4120,3.19035,-4.49645,
4130,3.18774,-4.49665,
4140,3.18507,-4.49662,
4150,3.18292,-4.49652,
4160,3.18022,-4.49665,
4170,3.17773,-4.49658,
4180,3.17533,-4.49665,
4190,3.17308,-4.49655,
4200,3.17062,-4.49651,
4210,3.16839,-4.49658,
4220,3.1662,-4.49664,
4230,3.16408,-4.49668,
4240,3.16207,-4.49685,
4250,3.16009,-4.4964,
4260,3.15837,-4.49659,
4270,3.15648,-4.49639,
4280,3.15494,-4.4964,
4290,3.15316,-4.49658,
4300,3.1513,-4.49661,
4310,3.1498,-4.49659,
4320,3.14806,-4.49692,
4330,3.14669,-4.49667,
4340,3.1451,-4.49669,
4350,3.14357,-4.49653,
4360,3.1422,-4.49671,
4370,3.14076,-4.49659,
4380,3.13943,-4.49645,
4390,3.13834,-4.49648,
4400,3.13683,-4.4964,
4410,3.13548,-4.49631,
4420,3.13412,-4.49645,
4430,3.13288,-4.49654,
4440,3.13141,-4.49649,
4450,3.13002,-4.49674,
4460,3.12865,-4.49668,
4470,3.12717,-4.49677,
4480,3.12569,-4.49663,
4490,3.12428,-4.4964,
4500,3.12268,-4.49668,
4510,3.12115,-4.49686,
4520,3.11947,-4.49678,
4530,3.11762,-4.49655,
4540,3.11595,-4.49676,
4550,3.11416,-4.49658,
4560,3.11223,-4.49647,
4570,3.11031,-4.49664,
4580,3.10825,-4.49658,
4590,3.10649,-4.49652,
4600,3.10458,-4.49642,
4610,3.10255,-4.49672,
4620,3.10046,-4.49663,
4630,3.09827,-4.49671,
4640,3.09631,-4.49663,
4650,3.09423,-4.4968,
4660,3.09228,-4.49662,
4670,3.09012,-4.49667,
4680,3.08829,-4.4965,
4690,3.08619,-4.49657,
4700,3.08452,-4.49653,
4710,3.08273,-4.49652,
4720,3.0809,-4.49662,
4730,3.07909,-4.49629,
4740,3.07739,-4.49667,
4750,3.07556,-4.49669,
4760,3.07385,-4.49653,
4770,3.07217,-4.49656,
4780,3.07057,-4.49639,
4790,3.06887,-4.49662,
4800,3.06735,-4.49653,
4810,3.0659,-4.49658,
4820,3.06444,-4.49667,
4830,3.06289,-4.49652,
4840,3.06139,-4.49675,
4850,3.05988,-4.49667,
4860,3.05836,-4.49649,
4870,3.05689,-4.49671,
4880,3.05544,-4.49666,
4890,3.05396,-4.49642,
4900,3.05257,-4.49666,
4910,3.05113,-4.49652,
4920,3.04983,-4.49672,
4930,3.04833,-4.49643,
4940,3.04672,-4.49657,
4950,3.04515,-4.49656,
4960,3.04351,-4.49646,
4970,3.04166,-4.4968,
4980,3.04002,-4.49649,
4990,3.03823,-4.49657,
5000,3.03631,-4.49642,
5010,3.03434,-4.49644,
5020,3.03244,-4.49644,
5030,3.03037,-4.49656,
5040,3.02832,-4.49657,
5050,3.02617,-4.4967,
5060,3.02381,-4.49651,
5070,3.02144,-4.49667,
5080,3.01911,-4.49666,
5090,3.0165,-4.49665,
5100,3.01405,-4.49665,
5110,3.01135,-4.49663,
5120,3.00869,-4.49665,
5130,3.00607,-4.49664,
5140,3.00353,-4.49676,
5150,3.00087,-4.4966,
5160,2.99817,-4.49665,
5170,2.99558,-4.49669,
5180,2.99292,-4.49636,
5190,2.99035,-4.49655,
5200,2.98767,-4.49645,
5210,2.98507,-4.49655,
5220,2.98249,-4.49671,
5230,2.98018,-4.49658,
5240,2.97776,-4.49645,
5250,2.97547,-4.49644,
5260,2.97316,-4.49645,
5270,2.97078,-4.49664,
5280,2.96831,-4.49643,
5290,2.96587,-4.49634,
5300,2.96362,-4.49645,
5310,2.96124,-4.4965,
5320,2.95902,-4.49653,
5330,2.95689,-4.49649,
5340,2.95451,-4.49651,
5350,2.95215,-4.4965,
5360,2.94998,-4.49654,
5370,2.94762,-4.49652,
5380,2.94538,-4.49642,
5390,2.94286,-4.49659,
5400,2.94033,-4.49661,
5410,2.93774,-4.49677,
5420,2.93503,-4.49644,
5430,2.93225,-4.49675,
5440,2.92942,-4.49663,
5450,2.92647,-4.49649,
5460,2.92355,-4.49654,
5470,2.92057,-4.4965,
5480,2.91747,-4.49658,
5490,2.91382,-4.49668,
5500,2.91053,-4.4966,
5510,2.90672,-4.49682,
5520,2.90296,-4.49658,
5530,2.89892,-4.49651,
5540,2.89493,-4.49662,
5550,2.8908,-4.49671,
5560,2.8868,-4.49673,
5570,2.88261,-4.49657,
5580,2.8781,-4.49656,
5590,2.87339,-4.49665,
5600,2.86905,-4.49666,
5610,2.86432,-4.49656,
5620,2.85959,-4.49652,
5630,2.85496,-4.49647,
5640,2.85011,-4.49665,
5650,2.84525,-4.49667,
5660,2.84029,-4.49661,
5670,2.83533,-4.49623,
5680,2.83086,-4.49667,
5690,2.82592,-4.4966,
5700,2.82068,-4.49674,
5710,2.81547,-4.49666,
5720,2.81032,-4.49646,
5730,2.80503,-4.49643,
5740,2.79957,-4.49655,
5750,2.79402,-4.49674,
5760,2.78844,-4.4965,
5770,2.78251,-4.49646,
5780,2.77687,-4.4965,
5790,2.77106,-4.49656,
5800,2.76525,-4.49664,
5810,2.75912,-4.49663,
5820,2.7526,-4.49671,
5830,2.74592,-4.49654,
5840,2.73903,-4.49668,
5850,2.73192,-4.49661,
5860,2.7247,-4.49646,
5870,2.71697,-4.49653,
5880,2.70895,-4.49645,
5890,2.70064,-4.49648,
5900,2.69244,-4.49638,
5910,2.68382,-4.49642,
5920,2.67419,-4.49645,
5930,2.66438,-4.49637,
5940,2.65369,-4.49635,
5950,2.64239,-4.4965,
5960,2.63065,-4.49655,
5970,2.61823,-4.49649,
5980,2.60527,-4.49647,
5990,2.59169,-4.49649,
6000,2.5766,-4.49669,
6010,2.56334,-4.4964,
6020,2.54861,-4.49663,
6030,2.53229,-4.49648,
6040,2.51521,-4.49641,
6044,2.4996,-4.49666,Finish=CutoffV
6074,3.31742,-0.000878246,
6104,3.3924,-0.000889335,
6134,3.42462,-0.00089595,
6164,3.44519,-0.000900207,
6194,3.45879,-0.000903189,
6224,3.46797,-0.000905168,
6254,3.47435,-0.000906551,
6284,3.47883,-0.000907554,
6314,3.48199,-0.000908259,
6344,3.48427,-0.00090872,
6374,3.48597,-0.000909154,
6404,3.4874,-0.000909507,
6434,3.48855,-0.000909778,
6464,3.4896,-0.000910022,
6494,3.49042,-0.000910211,
6524,3.49118,-0.000910428,
6554,3.49173,-0.000910564,
6584,3.49238,-0.000910727,
6614,3.49284,-0.000910862,
6644,3.49347,-0.000910944,Finish=MaxDischargeTime
6654,3.53077,0.800094,
6664,3.65544,1.60488,
6674,3.75522,2.20039,
6684,3.83429,2.80332,
6694,3.92853,3.60635,
6704,4.02593,,
6714,4.05469,,
6724,4.06636,4.1034,
6734,4.07549,4.12701,
6744,4.08421,4.12508,
6754,4.09208,4.10379,
6764,4.09918,4.12038,
6774,4.10589,4.1378,
6784,4.11188,4.14266,
6794,4.11725,4.15517,
6804,4.12253,4.16291,
6814,4.12718,4.1658,
6824,4.13179,4.19258,
6834,4.13533,4.1968,
6844,4.13893,4.21002,
6854,4.14214,4.21641,
6864,4.14605,4.21664,
6874,4.14923,4.21885,
6884,4.15221,4.23249,
6894,4.15449,4.23164,
6904,4.15735,4.24253,
6914,4.16031,4.26095,
6924,4.16218,4.26374,
6934,4.16425,4.27111,
6944,4.16648,4.27559,
6954,4.16852,4.27752,
6964,4.17091,4.28331,
6974,4.17264,4.29209,
6984,4.17443,4.29242,
6994,4.1762,4.29747,
7004,4.1783,4.30129,
7014,4.17959,4.30401,
7024,4.18135,4.29821,
7034,4.18325,4.30212,
7044,4.18558,4.31095,
7054,4.18617,4.3083,
7064,4.18732,4.31092,
7074,4.18888,4.30947,
7084,4.19056,4.30971,
7094,4.19102,4.30704,
7104,4.1922,4.30567,
7114,4.1936,4.30793,
7124,4.19437,4.31323,
7134,4.19513,4.31432,
7144,4.19645,4.3102,
7154,4.19683,4.3083,
7164,4.19723,4.30396,
7174,4.1983,4.3058,
7184,4.19867,4.30031,
7194,4.19895,4.29457,
7204,4.19952,4.2973,
7214,4.19985,4.29888,
7224,4.20028,4.29888,
7234,4.20084,4.29348,
7244,4.2015,4.29767,
7254,4.20191,4.30304,
7264,4.20207,4.30162,
7274,4.20236,4.30853,
7284,4.20298,4.30184,
7294,4.20303,4.30331,
7304,4.20451,4.29932,
7314,4.20432,4.29979,
7324,4.20437,4.29774,
7334,4.20426,4.29646,
7344,4.20505,4.30394,
7354,4.20533,4.30331,
7364,4.20648,4.30374,
7374,4.20659,4.30311,
7384,4.20745,4.30375,
7394,4.20781,4.30337,
7404,4.20885,4.3043,
7414,4.20949,4.30751,
7424,4.21013,4.31471,
7434,4.21114,4.31348,
7444,4.21208,4.31804,
7454,4.21308,4.32093,
7464,4.21472,4.32301,
7474,4.21515,4.32595,
7484,4.21624,4.32202,
7494,4.21722,4.32971,
7504,4.21804,4.32115,
7514,4.21946,4.32507,
7524,4.2199,4.32595,
7534,4.22065,4.32316,
7544,4.2212,4.32108,
7554,4.2224,4.31697,
7564,4.22367,4.31746,
7574,4.22393,4.31144,
7584,4.22479,4.3142,
7594,4.22539,4.3156,
7604,4.22653,4.31584,
7614,4.22686,4.31763,
7624,4.2275,4.32255,
7634,4.22861,4.31974,
7644,4.22891,4.31874,
7654,4.22935,4.31588,
7664,4.22982,4.31155,
7674,4.23055,4.30883,
7684,4.2307,4.30998,
7694,4.23121,4.31574,
7704,4.23147,4.31575,
7714,4.23188,4.31035,
7724,4.23289,4.32557,
7734,4.23383,4.32106,
7744,4.23369,4.33131,
7754,4.23383,4.33406,
7764,4.2343,4.33453,
7774,4.23446,4.33235,
7784,4.23496,4.32922,
7794,4.23614,4.31592,
7804,4.23629,4.30874,
7814,4.23681,4.30297,
7824,4.23746,4.30332,
7834,4.23781,4.3016,
7844,4.23898,4.30533,
7854,4.23962,4.30248,
7864,4.24085,4.30411,
7874,4.24113,4.30721,
7884,4.24235,4.30415,
7894,4.24332,4.30673,
7904,4.24402,4.31166,
7914,4.24528,4.30865,
7924,4.24655,4.31742,
7934,4.2478,4.32155,
7944,4.24866,4.31614,
7954,4.25011,4.32361,
7964,4.25091,4.32142,
7974,4.25236,4.32981,
7984,4.25346,4.32321,
7994,4.25489,4.32654,
8004,4.25566,4.32286,
8014,4.25738,4.324,
8024,4.25903,4.32608,
8034,4.24942,4.32231,
8044,4.24991,4.29974,
8054,4.25155,4.29108,
8064,4.25149,4.26057,
8074,4.2512,4.23643,
8084,4.25029,4.21776,
8094,4.25132,4.21065,
8104,4.2522,4.19377,
8114,4.25338,4.16437,
8124,4.25438,4.16397,
8134,4.25599,4.16618,
8144,4.25734,4.16147,
8154,4.25792,4.1592,
8164,4.25767,4.15023,
8174,4.25867,4.14937,
8184,4.25728,4.14646,
8194,4.25843,4.14608,
8204,4.25657,4.13187,
8214,4.25775,4.12643,
8224,4.25823,4.11844,
8234,4.25839,4.11844,
8244,4.25716,4.1055,
8254,4.25905,4.07494,
8264,4.25631,4.05665,
8274,4.25767,4.05665,
8284,4.25727,4.04395,
8294,4.25864,4.00992,
8304,4.25849,4.00393,
8314,4.25789,3.99287,
8324,4.25923,3.99287,
8334,4.25753,3.97387,
8344,4.25908,3.96951,
8354,4.25923,3.96951,
8364,4.25792,3.9568,
8374,4.25845,3.92237,
8384,4.25883,3.92237,
8394,4.25596,3.89482,
8404,4.25743,3.86092,
8414,4.25862,3.8344,
8424,4.25974,3.8344,
8434,4.25557,3.81417,
8444,4.2567,3.78242,
8454,4.25809,3.78242,
8464,4.25791,3.74488,
8474,4.25902,3.74488,
8484,4.25793,3.70624,
8494,4.25782,3.69501,
8504,4.25917,3.69501,
8514,4.25869,3.66244,
8524,4.25795,3.64507,
8534,4.25924,3.626,
8544,4.25844,3.61192,
8554,4.2575,3.58628,
8564,4.26041,3.56383,
8574,4.25864,3.54889,
8584,4.25847,3.54889,
8594,4.25715,3.51596,
8604,4.25936,3.5017,
8614,4.25877,3.48095,
8624,4.2589,3.46484,
8634,4.25886,3.43317,
8644,4.25668,3.40309,
8654,4.25764,3.38136,
8664,4.25764,3.35427,
8674,4.25633,3.32186,
8684,4.2581,3.30677,
8694,4.25561,3.27143,
8704,4.25696,3.25262,
8714,4.2578,3.24693,
8724,4.25747,3.21935,
8734,4.2588,3.19768,
8744,4.257,3.17374,
8754,4.25889,3.16748,
8764,4.2573,3.16748,
8774,4.25739,3.14263,
8784,4.25917,3.13033,
8794,4.25806,3.10309,
8804,4.25875,3.10309,
8814,4.2568,3.08977,
8824,4.2592,3.07225,
8834,4.25752,3.04433,
8844,4.25945,3.04433,
8854,4.25854,3.00661,
8864,4.25884,2.99416,
8874,4.26015,2.99416,
8884,4.25945,2.97391,
8894,4.25857,2.9363,
8904,4.25964,2.9363,
8914,4.25873,2.91693,
8924,4.25971,2.89845,
8934,4.25763,2.89845,
8944,4.25757,2.85798,
8954,4.26078,2.83838,
8964,4.25741,2.81444,
8974,4.2603,2.79411,
8984,4.25855,2.74506,
8994,4.25912,2.72289,
9004,4.2588,2.68476,
9014,4.26077,2.68476,
9024,4.25701,2.6643,
9034,4.2592,2.61391,
9044,4.25873,2.61391,
9054,4.25738,2.57653,
9064,4.25945,2.56818,
9074,4.26029,2.56818,
9084,4.25718,2.54117,
9094,4.25932,2.52116,
9104,4.25823,2.4828,
9114,4.25901,2.47045,
9124,4.25898,2.44058,
9134,4.25801,2.41733,
9144,4.25884,2.39796,
9154,4.26036,2.39796,
9164,4.25701,2.3727,
9174,4.25817,2.35569,
9184,4.26011,2.33699,
9194,4.25905,2.32114,
9204,4.25795,2.29907,
9214,4.25808,2.2762,
9224,4.25729,2.25135,
9234,4.25856,2.23964,
9244,4.26011,2.23303,
9254,4.25965,2.20961,
9264,4.25748,2.19856,
9274,4.25922,2.1924,
9284,4.25783,2.16793,
9294,4.259,2.15438,
9304,4.25931,2.13136,
9314,4.25891,2.10685,
9325,4.25974,2.10686,
9335,4.25738,2.08334,
9345,4.25884,2.07256,
9355,4.25783,2.059,
9365,4.25994,2.03726,
9375,4.25791,2.01563,
9385,4.25954,2.00886,
9395,4.25833,1.97308,
9405,4.25877,1.96372,
9415,4.25876,1.95652,
9425,4.25893,1.94614,
9435,4.25964,1.93071,
9445,4.25856,1.91982,
9455,4.25767,1.90667,
9465,4.25864,1.88289,
9475,4.25969,1.88289,
9485,4.25861,1.85356,
9495,4.25747,1.83178,
9505,4.25889,1.81687,
9515,4.25722,1.78593,
9525,4.25802,1.77582,
9535,4.25696,1.75528,
9545,4.25832,1.72757,
9555,4.26061,1.71831,
9565,4.25855,1.70609,
9575,4.25971,1.69377,
9585,4.25835,1.68133,
9595,4.25629,1.6711,
9605,4.25752,1.64972,
9615,4.2586,1.63565,
9625,4.2599,1.63565,
9635,4.25833,1.61768,
9645,4.25967,1.59877,
9655,4.2593,1.59877,
9665,4.25904,1.58192,
9675,4.25862,1.56614,
9685,4.25899,1.55696,
9695,4.25819,1.55085,
9705,4.25849,1.53046,
9715,4.25999,1.53046,
9725,4.25807,1.51273,
9735,4.25953,1.51273,
9745,4.25852,1.498,
9755,4.26008,1.48965,
9765,4.25882,1.47662,
9775,4.2602,1.47662,
9785,4.25921,1.45812,
9795,4.25801,1.44279,
9805,4.25936,1.43498,
9815,4.25932,1.42665,
9825,4.25927,1.42209,
9835,4.25916,1.41285,
9845,4.26024,1.41285,
9855,4.25808,1.40304,
9865,4.25922,1.38747,
9875,4.25587,1.37581,
9885,4.25668,1.36685,
9895,4.25688,1.36685,
9905,4.25557,1.34195,
9915,4.25531,1.32834,
9925,4.25555,1.3136,
9935,4.25725,1.30216,
9945,4.25541,1.27761,
9955,4.25512,1.27762,
9965,4.25462,1.25326,
9975,4.25596,1.23038,
9985,4.25654,1.23038,
9995,4.25565,1.20771,
10005,4.25727,1.20102,
10015,4.25483,1.19408,
10025,4.25615,1.17317,
10035,4.25604,1.16718,
10045,4.2551,1.15081,
10055,4.25633,1.14085,
10065,4.2568,1.14085,
10075,4.25517,1.1231,
10085,4.2567,1.1115,
10095,4.25443,1.0936,
10105,4.25514,1.08878,
10115,4.25643,1.075,
10125,4.25539,1.06897,
10135,4.25561,1.06375,
10145,4.2558,1.05686,
10155,4.2551,1.05686,
10165,4.25402,1.04202,
10175,4.25479,1.02622,
10185,4.25596,1.02047,
10195,4.25636,1.02047,
10205,4.2561,1.01424,
10215,4.25628,1.01424,
10225,4.25615,1.00736,
10235,4.25565,0.99874,
10245,4.25404,0.983991,
10255,4.25496,0.983514,
10265,4.25616,0.978221,
10275,4.2562,0.978222,
10285,4.25403,0.973976,
10295,4.25517,0.960915,
10305,4.25619,0.954778,
10315,4.25507,0.954779,
10325,4.25436,0.942192,
10335,4.25385,0.942193,
10345,4.24997,0.926793,
10355,4.24963,0.911516,
10365,4.2498,0.89624,
10375,4.25066,0.8897,
10385,4.2517,0.875291,
10395,4.25294,0.861784,
10405,4.25414,0.858792,
10415,4.25345,0.849917,
10425,4.2526,0.843782,Finish=FinishedChargeCurrent
10455,4.10742,-0.00106963,
10485,4.09854,-0.0010679,
10515,4.0929,-0.00106673,
10545,4.08873,-0.0010657,
10575,4.08549,-0.001065,
10605,4.0829,-0.00106434,
10635,4.08078,-0.00106388,
10665,4.07892,-0.00106342,
10695,4.07735,-0.00106302,
10725,4.07598,-0.00106264,
10755,4.07478,-0.00106245,
10785,4.07367,-0.00106207,
10815,4.07279,-0.00106188,
10845,4.07183,-0.00106163,
10875,4.07104,-0.00106139,
10905,4.07025,-0.00106125,
10935,4.06963,-0.00106109,
10965,4.069,-0.00106096,
10995,4.0684,-0.00106077,
11025,4.06804,-0.00106077,Finish=MaxDischargeTime
11035,3.41035,-4.49662,
11045,3.38557,-4.49665,
11055,3.37434,-4.49655,
11065,3.36725,-4.49677,
11075,3.36243,-4.4967,
11085,3.35951,-4.49685,
11095,3.35767,-4.49673,
11105,3.3565,-4.49684,
11115,3.35596,-4.49666,
11125,3.35571,-4.4966,
11135,3.35576,-4.4966,
11145,3.35596,-4.49646,
11155,3.35625,-4.49672,
11165,3.35667,-4.49674,
11175,3.357,-4.49662,
11185,3.35733,-4.49646,
11195,3.35754,-4.49679,
11205,3.35769,-4.49667,
11215,3.35772,-4.49684,
11225,3.35764,-4.49684,
11235,3.35737,-4.49652,
11245,3.35692,-4.49674,
11255,3.35633,-4.4966,
11265,3.35553,-4.49651,
11275,3.35455,-4.49664,
11285,3.35349,-4.49655,
11295,3.35197,-4.49655,
11305,3.35034,-4.49648,
11315,3.34823,-4.49665,
11325,3.34632,-4.49661,
11335,3.34402,-4.49677,
11345,3.34131,-4.49669,
11355,3.33835,-4.49676,
11365,3.33498,-4.49667,
11375,3.33136,-4.49693,
11385,3.32732,-4.4967,
11395,3.32314,-4.49686,
11405,3.3189,-4.49668,
11415,3.314,-4.49668,
11425,3.30907,-4.49685,
11435,3.30442,-4.49663,
11445,3.29925,-4.49651,
11455,3.29361,-4.49685,
11465,3.28789,-4.49663,
11475,3.28226,-4.49675,
11485,3.2765,-4.4968,
11495,3.27074,-4.49658,
11505,3.26474,-4.49667,
11515,3.25898,-4.49667,
11525,3.2532,-4.49672,
11535,3.24771,-4.4965,
11545,3.24235,-4.4965,
11555,3.23705,-4.49681,
11565,3.23132,-4.49662,
11575,3.22608,-4.49666,
11585,3.22073,-4.49671,
11595,3.21571,-4.49655,
11605,3.21096,-4.49682,
11615,3.20634,-4.49661,
11625,3.20178,-4.49677,
11635,3.19779,-4.49659,
11645,3.19388,-4.49656,
11655,3.19019,-4.49656,
11665,3.18657,-4.49666,
11675,3.18336,-4.49655,
11685,3.17993,-4.4965,
11695,3.17688,-4.49655,
11705,3.17386,-4.49636,
11715,3.17123,-4.49651,
11725,3.1685,-4.49667,
11735,3.16596,-4.49665,
11745,3.1635,-4.49633,
11755,3.16124,-4.49662,
11765,3.1589,-4.49664,
11775,3.15656,-4.49656,
11785,3.15426,-4.49665,
11795,3.15196,-4.49679,
11805,3.14973,-4.49657,
11815,3.14764,-4.49658,
11825,3.14534,-4.4965,
11835,3.1432,-4.49681,
11845,3.14117,-4.49684,
11855,3.13907,-4.49659,
11865,3.13693,-4.49674,
11875,3.13479,-4.49669,
11885,3.13256,-4.49659,
11895,3.13019,-4.49648,
11905,3.12808,-4.49649,
11915,3.12595,-4.49664,
11925,3.12386,-4.49669,
11935,3.12179,-4.49658,
11945,3.11991,-4.49678,
11955,3.11804,-4.49652,
11965,3.11645,-4.49652,
11975,3.11448,-4.49644,
11985,3.11277,-4.49662,
11995,3.11088,-4.4966,
12005,3.10924,-4.49658,
12015,3.10764,-4.49668,
12025,3.106,-4.49652,
12035,3.10457,-4.49649,
12045,3.10301,-4.49676,
12055,3.10163,-4.49678,
12065,3.10041,-4.49663,
12075,3.09899,-4.49659,
12085,3.09753,-4.49655,
12095,3.09623,-4.49658,
12105,3.09504,-4.49646,
12115,3.09363,-4.49643,
12125,3.09239,-4.49672,
12135,3.09108,-4.4965,
12145,3.08994,-4.49677,
12155,3.08882,-4.49667,
12165,3.08761,-4.49635,
12175,3.08644,-4.49638,
12185,3.0853,-4.49653,
12195,3.08412,-4.49642,
12205,3.08284,-4.49667,
12215,3.08153,-4.49662,
12225,3.0803,-4.49663,
12235,3.07898,-4.49653,
12245,3.07765,-4.49657,
12255,3.07623,-4.49651,
12265,3.07484,-4.49675,
12275,3.07332,-4.49676,
12285,3.07175,-4.49652,
12295,3.07,-4.49656,
12305,3.06834,-4.49662,
12315,3.0665,-4.49653,
12325,3.06468,-4.49664,
12335,3.06275,-4.49647,
12345,3.06082,-4.49657,
12355,3.05885,-4.4966,
12365,3.05688,-4.49671,
12375,3.05483,-4.49665,
12385,3.0527,-4.49665,
12395,3.05042,-4.49647,
12405,3.0481,-4.4964,
12415,3.04583,-4.49628,
12425,3.04362,-4.49661,
12435,3.04129,-4.49669,
12445,3.0389,-4.49682,
12455,3.03678,-4.49656,
12465,3.03447,-4.49665,
12475,3.03227,-4.49673,
12485,3.03019,-4.49666,
12495,3.02809,-4.49653,
12505,3.0261,-4.49669,
12515,3.02399,-4.49656,
12525,3.02198,-4.49648,
12535,3.01999,-4.49631,
12545,3.01788,-4.49656,
12555,3.01591,-4.49643,
12565,3.01408,-4.4967,
12575,3.01231,-4.49665,
12585,3.01054,-4.49658,
12595,3.00856,-4.49651,
12605,3.00684,-4.49665,
12615,3.00502,-4.49654,
12625,3.00324,-4.49652,
12635,3.0016,-4.49651,
12645,2.9998,-4.49667,
12655,2.99804,-4.49684,
12665,2.99643,-4.49651,
12675,2.99455,-4.49657,
12685,2.99296,-4.49661,
12695,2.99109,-4.4965,
12705,2.98928,-4.49669,
12715,2.9873,-4.49646,
12725,2.98532,-4.49645,
12735,2.9831,-4.49653,
12745,2.98113,-4.49661,
12755,2.97891,-4.49664,
12765,2.97654,-4.49657,
12775,2.97431,-4.49653,
12785,2.97198,-4.49674,
12795,2.96957,-4.49643,
12805,2.96692,-4.49678,
12815,2.9642,-4.4965,
12825,2.9615,-4.49584,
12835,2.95856,-4.4965,
12845,2.9556,-4.49654,
12855,2.95253,-4.4965,
12865,2.94932,-4.4965,
12875,2.94609,-4.49654,
12885,2.94288,-4.49663,
12895,2.93968,-4.49647,
12905,2.93649,-4.49644,
12915,2.93303,-4.49667,
12925,2.92965,-4.49666,
12935,2.92628,-4.49668,
12945,2.92304,-4.49658,
12955,2.91968,-4.49636,
12965,2.91626,-4.49658,
12975,2.91295,-4.49654,
12985,2.90947,-4.49666,
12995,2.90605,-4.49667,
13005,2.90284,-4.49668,
13015,2.89965,-4.49673,
13025,2.89631,-4.49686,
13035,2.89295,-4.49674,
13045,2.88962,-4.49669,
13055,2.88612,-4.49638,
13065,2.88265,-4.49656,
13075,2.8792,-4.49649,
13085,2.87578,-4.49676,
13095,2.87215,-4.49654,
13105,2.86863,-4.49642,
13115,2.8652,-4.49661,
13125,2.86172,-4.49672,
13135,2.85802,-4.49653,
13145,2.85423,-4.49666,
13155,2.85028,-4.49668,
13165,2.84628,-4.49643,
13175,2.84211,-4.49646,
13185,2.83784,-4.49639,
13195,2.83329,-4.49651,
13205,2.82871,-4.49651,
13215,2.82367,-4.49665,
13225,2.81889,-4.49668,
13235,2.81394,-4.49651,
13245,2.80886,-4.49645,
13255,2.80325,-4.49667,
13265,2.79718,-4.49669,
13275,2.79123,-4.49657,
13285,2.78449,-4.49648,
13295,2.77782,-4.49664,
13305,2.77072,-4.49637,
13315,2.76329,-4.49666,
13325,2.75552,-4.49659,
13335,2.74802,-4.49648,
13345,2.74014,-4.49651,
13355,2.73121,-4.49677,
13365,2.72221,-4.49668,
13375,2.71263,-4.49674,
13385,2.70236,-4.49667,
13395,2.69254,-4.49651,
13405,2.682,-4.49647,
13415,2.67125,-4.49652,
13425,2.66019,-4.49642,
13435,2.64859,-4.49652,
13445,2.63758,-4.49655,
13455,2.62624,-4.4967,
13465,2.61407,-4.49649,
13475,2.60136,-4.49654,
13485,2.58863,-4.4964,
13495,2.57561,-4.4966,
13505,2.56221,-4.49663,
13515,2.54873,-4.49661,
13525,2.53502,-4.49642,
13535,2.52079,-4.49638,
13545,2.50719,-4.49668,
13546,2.49991,-4.49666,Finish=CutoffV
13576,3.3038,-0.000876375,
13606,3.38513,-0.0008876,
13636,3.41836,-0.00089435,
13666,3.44,-0.000898987,
13696,3.45416,-0.000902132,
13726,3.46451,-0.000904409,
13756,3.47148,-0.0009059,
13786,3.47648,-0.000906985,
13816,3.4801,-0.000907798,
13846,3.48276,-0.000908449,
13876,3.48472,-0.000908883,
13906,3.48631,-0.000909289,
13936,3.48767,-0.000909588,
13966,3.48873,-0.000909723,
13996,3.48958,-0.00091013,
14026,3.49028,-0.000910184,
14056,3.49094,-0.000910401,
14086,3.4916,-0.000910509,
14116,3.49205,-0.000910672,
14146,3.49284,-0.000910781,Finish=MaxDischargeTime
14156,3.53585,0.802847,
14166,3.63941,1.40133,
14176,3.73721,2.20004,
14186,3.83142,2.79678,
14196,3.91118,3.4004,
14206,4.00127,,
14216,4.04548,,
14226,4.05824,4.13208,
14236,4.06849,4.13753,
14246,4.07756,4.12057,
14256,4.08612,4.11912,
14266,4.09369,4.11125,
14276,4.10075,4.11692,
14286,4.10737,4.12792,
14296,4.11366,4.13039,
14306,4.11886,4.12955,
14316,4.12406,4.13656,
14326,4.12994,4.13919,
14336,4.13455,4.14777,
14346,4.13871,4.15986,
14356,4.14316,4.1759,
14366,4.14742,4.17774,
14376,4.15134,4.18388,
14386,4.15499,4.18526,
14396,4.15837,4.19193,
14406,4.16116,4.1973,
14416,4.16335,4.19767,
14426,4.16525,4.20406,
14436,4.16851,4.21642,
14446,4.17106,4.21893,
14456,4.17251,4.22179,
14466,4.17527,4.22729,
14476,4.17641,4.23762,
14486,4.17805,4.23603,
14496,4.17953,4.24373,
14506,4.1809,4.24211,
14516,4.18181,4.24053,
14526,4.18336,4.23815,
14536,4.18394,4.23893,
14546,4.1854,4.23526,
14556,4.18687,4.23635,
14566,4.18646,4.24065,
14576,4.18774,4.2373,
14586,4.18809,4.23768,
14596,4.18915,4.23784,
14606,4.18943,4.24337,
14616,4.19002,4.24984,
14626,4.19087,4.25287,
14636,4.19051,4.25082,
14646,4.19141,4.24974,
14656,4.19188,4.2449,
14666,4.1929,4.25101,
14676,4.1931,4.25556,
14686,4.19351,4.25373,
14696,4.19441,4.25998,
14706,4.19517,4.25634,
14716,4.19634,4.26412,
14726,4.19621,4.25876,
14736,4.19756,4.26373,
14746,4.19783,4.26298,
14756,4.19792,4.26811,
14766,4.19968,4.27638,
14776,4.20076,4.26716,
14786,4.2016,4.26889,
14796,4.20256,4.27238,
14806,4.20312,4.27383,
14816,4.20469,4.27116,
14826,4.20566,4.26837,
14836,4.20654,4.27315,
14846,4.20723,4.27767,
14856,4.20858,4.27157,
14866,4.20947,4.27954,
14876,4.21083,4.274,
14886,4.21261,4.27394,
14896,4.21298,4.27012,
14906,4.21384,4.27666,
14916,4.21454,4.27547,
14926,4.21554,4.2672,
14936,4.21609,4.27153,
14946,4.21711,4.26426,
14956,4.21787,4.27141,
14966,4.21841,4.26956,
14976,4.21912,4.2691,
14986,4.21933,4.27899,
14996,4.22042,4.28973,
15006,4.22018,4.291,
15016,4.22113,4.28634,
15026,4.22107,4.28132,
15036,4.22163,4.2875,
15046,4.22197,4.28337,
15056,4.22255,4.28626,
15066,4.22319,4.28108,
15076,4.22364,4.27794,
15086,4.2231,4.27805,
15096,4.224,4.27395,
15106,4.22454,4.2728,
15116,4.22484,4.28149,
15126,4.22484,4.27685,
15136,4.22533,4.2766,
15146,4.22613,4.27192,
15156,4.22647,4.27746,
15166,4.22707,4.27485,
15176,4.2272,4.27461,
15186,4.22778,4.27141,
15196,4.22824,4.26471,
15206,4.2291,4.26542,
15216,4.23,4.2704,
15226,4.23069,4.27477,
15236,4.23133,4.27466,
15246,4.23237,4.27523,
15256,4.23279,4.27561,
15266,4.23356,4.27714,
15276,4.23479,4.27917,
15286,4.23547,4.28213,
15296,4.23684,4.28434,
15306,4.23779,4.28685,
15316,4.23899,4.28033,
15326,4.23988,4.27576,
15336,4.24047,4.27129,
15346,4.24256,4.26708,
15356,4.24356,4.26755,
15366,4.2437,4.26435,
15376,4.24548,4.26468,
15386,4.24596,4.26267,
15396,4.24758,4.26795,
15406,4.24947,4.27236,
15416,4.24968,4.27175,
15426,4.25089,4.27106,
15436,4.2519,4.2738,
15446,4.25331,4.27448,
15456,4.2537,4.27981,
15466,4.2545,4.27747,
15476,4.25556,4.27585,
15486,4.25678,4.27381,
15496,4.25708,4.26975,
15506,4.2579,4.27092,
15516,4.25414,4.25757,
15526,4.25568,4.24174,
15536,4.25575,4.24009,
15546,4.2565,4.23452,
15556,4.25692,4.22399,
15566,4.25762,4.21647,
15576,4.25795,4.21106,
15586,4.25734,4.19495,
15596,4.2574,4.18913,
15606,4.257,4.18279,
15616,4.25616,4.16101,
15626,4.25699,4.16041,
15636,4.25763,4.15083,
15646,4.25825,4.1434,
15656,4.25702,4.14254,
15666,4.25817,4.13586,
15676,4.25837,4.13343,
15686,4.2583,4.13112,
15696,4.25798,4.127,
15706,4.25751,4.11702,
15716,4.25859,4.11281,
15726,4.25656,4.10014,
15736,4.25801,4.08394,
15746,4.25893,4.07466,
15756,4.25819,4.0542,
15766,4.25759,4.04581,
15776,4.25701,4.03463,
15786,4.25877,4.01505,
15796,4.25803,4.01505,
15806,4.25865,3.9965,
15816,4.26013,3.97969,
15826,4.25871,3.96626,
15836,4.25671,3.96208,
15846,4.25905,3.92302,
15856,4.25722,3.90139,
15866,4.25726,3.90139,
15876,4.25761,3.87154,
15886,4.25916,3.85775,
15896,4.2604,3.84574,
15906,4.25774,3.81528,
15916,4.25986,3.79627,
15926,4.26032,3.78342,
15936,4.25887,3.75744,
15946,4.25828,3.74928,
15956,4.25858,3.74928,
15966,4.25553,3.73477,
15976,4.25823,3.70695,
15986,4.2594,3.70695,
15996,4.25628,3.70299,
16006,4.25759,3.65245,
16016,4.26001,3.63361,
16026,4.25833,3.61698,
16036,4.25754,3.59923,
16046,4.25944,3.58242,
16056,4.2591,3.56204,
16066,4.25735,3.52491,
16076,4.25943,3.51147,
16086,4.25738,3.46166,
16096,4.25977,3.44796,
16106,4.25654,3.44796,
16116,4.25598,3.41029,
16126,4.25717,3.39272,
16136,4.2566,3.38122,
16147,4.25778,3.34429,
16157,4.25888,3.34037,
16167,4.25763,3.3195,
16177,4.25698,3.30456,
16187,4.25707,3.2789,
16197,4.25779,3.25842,
16207,4.25818,3.23834,
16217,4.25858,3.23012,
16227,4.25873,3.20763,
16237,4.258,3.1959,
16247,4.25789,3.16977,
16257,4.25674,3.15598,
16267,4.25853,3.1273,
16277,4.25839,3.11584,
16287,4.25787,3.09866,
16297,4.25898,3.07264,
16307,4.25904,3.05153,
16317,4.25802,3.03528,
16327,4.25777,3.00086,
16337,4.26071,2.99588,
16347,4.25946,2.99588,
16357,4.25906,2.96116,
16367,4.25796,2.92779,
16377,4.25976,2.92779,
16387,4.25936,2.91321,
16397,4.2586,2.87556,
16407,4.25914,2.87556,
16417,4.2601,2.85067,
16427,4.25866,2.82267,
16437,4.25996,2.82267,
16447,4.25879,2.78652,
16457,4.25913,2.76129,
16467,4.25779,2.76129,
16477,4.25827,2.71937,
16487,4.25981,2.69682,
16497,4.25978,2.68177,
16507,4.25774,2.6509,
16517,4.25783,2.61592,
16527,4.25859,2.61592,
16537,4.25904,2.58877,
16547,4.25845,2.57412,
16557,4.25905,2.5578,
16567,4.25828,2.51853,
16577,4.2597,2.50029,
16587,4.25806,2.49157,
16597,4.25912,2.4807,
16607,4.25841,2.46469,
16617,4.25726,2.43661,
16627,4.25919,2.41331,
16637,4.25868,2.39774,
16647,4.25919,2.38265,
16657,4.25816,2.35655,
16667,4.25874,2.34158,
16677,4.25822,2.32089,
16687,4.2598,2.30021,
16697,4.26098,2.30021,
16707,4.2576,2.28383,
16717,4.25992,2.26869,
16727,4.25825,2.23786,
16737,4.25872,2.22216,
16747,4.25837,2.19778,
16757,4.2576,2.17676,
16767,4.25965,2.16134,
16777,4.25926,2.15351,
16787,4.2598,2.13947,
16797,4.25701,2.13947,
16807,4.25782,2.11032,
16817,4.25977,2.10094,
16827,4.25777,2.10094,
16837,4.2576,2.06788,
16847,4.25922,2.04576,
16857,4.2597,2.04576,
16867,4.25829,2.02065,
16877,4.25851,1.99419,
16887,4.25887,1.97368,
16897,4.25929,1.94806,
16907,4.25865,1.93585,
16917,4.2572,1.92107,
16927,4.2579,1.89358,
16937,4.25906,1.87055,
16947,4.25976,1.86617,
16957,4.25942,1.84942,
16967,4.258,1.8278,
16977,4.25842,1.8278,
16987,4.25746,1.80342,
16997,4.25901,1.7818,
17007,4.25995,1.7818,
17017,4.25858,1.76504,
17027,4.25849,1.7585,
17037,4.25875,1.73993,
17047,4.25942,1.73494,
17057,4.25783,1.71192,
17067,4.25962,1.70314,
17077,4.25736,1.69513,
17087,4.25845,1.67269,
17097,4.25842,1.67269,
17107,4.25768,1.65271,
17117,4.25892,1.64643,
17127,4.25824,1.63179,
17137,4.25858,1.60951,
17147,4.26015,1.60951,
17157,4.25775,1.59818,
17167,4.25883,1.57365,
17177,4.26061,1.55953,
17187,4.25864,1.55067,
17197,4.25888,1.53782,
17207,4.25882,1.51932,
17217,4.25979,1.51851,
17227,4.25914,1.49824,
17237,4.25944,1.49824,
17247,4.25826,1.49379,
17257,4.25878,1.48656,
17267,4.25881,1.48656,
17277,4.25936,1.46976,
17287,4.25854,1.45968,
17297,4.25849,1.45178,
17307,4.25857,1.431,
17317,4.26067,1.42501,
17327,4.25892,1.40263,
17337,4.25991,1.39316,
17347,4.25953,1.3788,
17357,4.25545,1.35616,
17367,4.25701,1.35085,
17377,4.25643,1.33454,
17387,4.25528,1.31514,
17397,4.25578,1.31514,
17407,4.25498,1.29063,
17417,4.25653,1.28068,
17427,4.25528,1.27113,
17437,4.25587,1.25114,
17447,4.25719,1.23392,
17457,4.25514,1.22647,
17467,4.25627,1.20653,
17477,4.25544,1.19591,
17487,4.25542,1.18796,
17497,4.25713,1.18196,
17507,4.2547,1.17172,
17517,4.25538,1.16096,
17527,4.25714,1.1599,
17537,4.2546,1.14484,
17547,4.25544,1.13738,
17557,4.25665,1.13066,
17567,4.25493,1.1246,
17577,4.25519,1.11719,
17587,4.25615,1.10601,
17597,4.25506,1.10041,
17607,4.25469,1.09162,
17617,4.25542,1.07935,
17627,4.25546,1.07565,
17637,4.25593,1.06791,
17647,4.25687,1.06231,
17657,4.25613,1.05641,
17667,4.25559,1.05641,
17677,4.25421,1.04621,
17687,4.25541,1.03617,
17697,4.25645,1.03202,
17707,4.25478,1.02755,
17717,4.2547,1.01997,
17727,4.25614,1.01565,
17737,4.25635,1.0115,
17747,4.25425,0.999353,
17757,4.25553,0.993172,
17767,4.25689,0.985902,
17777,4.25385,0.9775,
17787,4.25494,0.974489,
17797,4.25636,0.967756,
17807,4.25455,0.961087,
17817,4.25435,0.954496,
17827,4.25157,0.946315,
17837,4.25029,0.94412,
17847,4.24921,0.927922,
17857,4.25049,0.909141,
17867,4.25139,0.899199,
17877,4.25245,0.886203,
17887,4.25392,0.873783,
17897,4.25211,0.866519,
17907,4.2514,0.861313,
17917,4.25252,0.846923,
17927,4.25338,0.835474,
17933,4.25519,0.833988,Finish=FinishedChargeCurrent
17963,4.10855,-0.00106996,
17993,4.09951,-0.00106819,
18023,4.09394,-0.00106695,
18053,4.08994,-0.00106608,
18083,4.08685,-0.00106535,
18113,4.08424,-0.00106467,
18143,4.08211,-0.00106421,
18173,4.08031,-0.00106386,
18203,4.07873,-0.00106345,
18233,4.07736,-0.00106299,
18263,4.07623,-0.00106269,
18293,4.07507,-0.00106245,
18323,4.07419,-0.0010622,
18353,4.07335,-0.00106199,
18383,4.07258,-0.00106188,
18413,4.07186,-0.00106163,
18443,4.07129,-0.00106144,
18473,4.07059,-0.00106139,
18503,4.07003,-0.00106123,
18533,4.06939,-0.00106112,Finish=MaxDischargeTime
18543,3.41103,-4.49671,
18553,3.38947,-4.4967,
18563,3.37876,-4.49659,
18573,3.3723,-4.49672,
18583,3.36809,-4.49668,
18593,3.36524,-4.49685,
18603,3.36355,-4.49675,
18613,3.36251,-4.49654,
18623,3.36222,-4.49649,
18633,3.36214,-4.49666,
18643,3.36211,-4.49654,
18653,3.36232,-4.49654,
18663,3.36253,-4.49658,
18673,3.36268,-4.49673,
18683,3.36284,-4.49662,
18693,3.36274,-4.49662,
18703,3.36273,-4.49668,
18713,3.36247,-4.49645,
18723,3.36223,-4.49668,
18733,3.3616,-4.49656,
18743,3.36082,-4.49683,
18753,3.36009,-4.49673,
18763,3.35917,-4.49687,
18773,3.35791,-4.49664,
18783,3.35655,-4.49668,
18793,3.35513,-4.49677,
18803,3.35357,-4.4966,
18813,3.35157,-4.49687,
18823,3.34943,-4.4969,
18833,3.347,-4.4966,
18843,3.34456,-4.49652,
18853,3.34175,-4.49661,
18863,3.33876,-4.49673,
18873,3.33548,-4.49678,
18883,3.33215,-4.49655,
18893,3.32849,-4.4968,
18903,3.3247,-4.49674,
18913,3.32101,-4.49651,
18923,3.31657,-4.49655,
18933,3.31222,-4.49672,
18943,3.30751,-4.49666,
18953,3.30274,-4.49681,
18963,3.29776,-4.49681,
18973,3.29283,-4.49681,
18983,3.28752,-4.49643,
18993,3.28221,-4.49667,
19003,3.27688,-4.49658,
19013,3.27177,-4.49669,
19023,3.26655,-4.49656,
19033,3.26132,-4.49671,
19043,3.25567,-4.49678,
19053,3.25027,-4.49672,
19063,3.24485,-4.49649,
19073,3.23954,-4.49645,
19083,3.23433,-4.49676,
19093,3.22907,-4.49655,
19103,3.22402,-4.49653,
19113,3.21904,-4.49675,
19123,3.21419,-4.49647,
19133,3.21008,-4.49666,
19143,3.20555,-4.49667,
19153,3.20089,-4.49663,
19163,3.19655,-4.49654,
19173,3.19241,-4.49667,
19183,3.18842,-4.4964,
19193,3.1844,-4.49671,
19203,3.18058,-4.49678,
19213,3.17685,-4.49651,
19223,3.17337,-4.49663,
19233,3.16996,-4.49645,
19243,3.16676,-4.49668,
19253,3.16361,-4.49664,
19263,3.16033,-4.49641,
19273,3.15718,-4.49659,
19283,3.15414,-4.49649,
19293,3.15113,-4.49658,
19303,3.14816,-4.49674,
19313,3.14529,-4.49668,
19323,3.14251,-4.49658,
19333,3.1399,-4.4966,
19343,3.13757,-4.49656,
19353,3.13513,-4.49681,
19363,3.13293,-4.49648,
19373,3.13058,-4.49685,
19383,3.12837,-4.49662,
19393,3.12624,-4.49644,
19403,3.1243,-4.49654,
19413,3.12243,-4.49652,
19423,3.12045,-4.49656,
19433,3.11881,-4.49652,
19443,3.11687,-4.49667,
19453,3.11526,-4.49671,
19463,3.11366,-4.4965,
19473,3.11212,-4.49667,
19483,3.11067,-4.4965,
19493,3.10918,-4.49653,
19503,3.10773,-4.49665,
19513,3.10631,-4.49688,
19523,3.10488,-4.49653,
19533,3.10361,-4.49669,
19543,3.10228,-4.49672,
19553,3.10104,-4.49646,
19563,3.09984,-4.49648,
19573,3.09863,-4.49649,
19583,3.09744,-4.49663,
19593,3.09623,-4.49663,
19603,3.09482,-4.49674,
19613,3.09358,-4.49674,
19623,3.09227,-4.49678,
19633,3.09102,-4.4967,
19643,3.08969,-4.49666,
19653,3.0883,-4.49682,
19663,3.08711,-4.49668,
19673,3.08565,-4.49647,
19683,3.08424,-4.49685,
19693,3.08258,-4.49655,
19703,3.08108,-4.49693,
19713,3.07928,-4.49687,
19723,3.07761,-4.49681,
19733,3.07585,-4.49672,
19743,3.0739,-4.49668,
19753,3.07211,-4.49664,
19763,3.07022,-4.49652,
19773,3.0683,-4.4963,
19783,3.06634,-4.49647,
19793,3.06427,-4.49675,
19803,3.06209,-4.49654,
19813,3.05992,-4.49673,
19823,3.05776,-4.49658,
19833,3.05535,-4.49669,
19843,3.05317,-4.49646,
19853,3.05106,-4.49656,
19863,3.04878,-4.49654,
19873,3.04661,-4.49663,
19883,3.04466,-4.49667,
19893,3.04253,-4.49646,
19903,3.04042,-4.49654,
19913,3.03832,-4.4965,
19923,3.03623,-4.49675,
19933,3.03436,-4.49665,
19943,3.03251,-4.49676,
19953,3.03059,-4.49659,
19963,3.02871,-4.49619,
19973,3.02698,-4.49653,
19983,3.02515,-4.49651,
19993,3.02347,-4.49661,
20003,3.02174,-4.49666,
20013,3.0202,-4.49666,
20023,3.01845,-4.49661,
20033,3.0169,-4.49666,
20043,3.01517,-4.4968,
20053,3.0135,-4.49659,
20063,3.01189,-4.49666,
20073,3.01017,-4.49645,
20083,3.00852,-4.49658,
20093,3.00698,-4.49645,
20103,3.00517,-4.4963,
20113,3.00371,-4.49666,
20123,3.00215,-4.49658,
20133,3.00036,-4.49639,
20143,2.99856,-4.49666,
20153,2.99667,-4.49677,
20163,2.99476,-4.4966,
20173,2.99283,-4.49654,
20183,2.99075,-4.4966,
20193,2.98846,-4.49646,
20203,2.98628,-4.4965,
20213,2.98412,-4.49652,
20223,2.98166,-4.49642,
20233,2.97945,-4.49662,
20243,2.97698,-4.49656,
20253,2.97434,-4.49684,
20263,2.97165,-4.49661,
20273,2.96892,-4.49642,
20283,2.96612,-4.49644,
20293,2.96313,-4.49646,
20303,2.96004,-4.49665,
20313,2.95699,-4.49655,
20323,2.95414,-4.49669,
20333,2.9511,-4.49645,
20343,2.94791,-4.49619,
20353,2.94474,-4.49643,
20363,2.94163,-4.49661,
20373,2.93838,-4.49659,
20383,2.93523,-4.49674,
20393,2.93219,-4.49658,
20403,2.92907,-4.49683,
20413,2.92591,-4.49679,
20423,2.92276,-4.49673,
20433,2.92005,-4.49652,
20443,2.91703,-4.49654,
20453,2.91391,-4.49643,
20463,2.91092,-4.49648,
20473,2.90772,-4.49671,
20483,2.90472,-4.49656,
20493,2.90166,-4.49648,
20503,2.89858,-4.49646,
20513,2.89545,-4.49669,
20523,2.89227,-4.49652,
20533,2.88925,-4.49634,
20543,2.88624,-4.49657,
20553,2.88316,-4.49628,
20563,2.87988,-4.49674,
20573,2.87666,-4.49653,
20583,2.87339,-4.49651,
20593,2.86992,-4.49649,
20603,2.86655,-4.49649,
20613,2.86293,-4.49672,
20623,2.85926,-4.4966,
20633,2.85546,-4.49626,
20643,2.85145,-4.49656,
20653,2.84759,-4.49658,
20663,2.84343,-4.49669,
20673,2.83926,-4.49671,
20683,2.83471,-4.49662,
20693,2.83002,-4.49661,
20703,2.82491,-4.49638,
20713,2.81975,-4.49655,
20723,2.81443,-4.49659,
20734,2.8087,-4.49672,
20744,2.80288,-4.49663,
20754,2.79665,-4.49655,
20764,2.79066,-4.49649,
20774,2.78434,-4.49649,
20784,2.77766,-4.49645,
20794,2.77017,-4.49666,
20804,2.76273,-4.49646,
20814,2.75499,-4.49656,
20824,2.74681,-4.49636,
20834,2.73859,-4.49669,
20844,2.72993,-4.49649,
20854,2.72125,-4.49643,
20864,2.71263,-4.49626,
20874,2.70324,-4.4967,
20884,2.69437,-4.49658,
20894,2.68473,-4.49635,
20904,2.67465,-4.49657,
20914,2.66465,-4.49669,
20924,2.65432,-4.4964,
20934,2.64366,-4.49626,
20944,2.63288,-4.49643,
20954,2.62186,-4.49654,
20964,2.61047,-4.49658,
20974,2.59902,-4.49667,
20984,2.58719,-4.49653,
20994,2.5757,-4.49639,
21004,2.56419,-4.49651,
21014,2.55167,-4.49645,
21024,2.53904,-4.49652,
21034,2.52604,-4.4964,
21044,2.51293,-4.49651,
21050,2.49918,-4.49657,Finish=CutoffV
21080,3.2886,-0.00087277,
21110,3.37281,-0.000884563,
21140,3.40728,-0.000891612,
21170,3.42998,-0.000896791,
21200,3.44587,-0.000900071,
21230,3.4571,-0.000902511,
21260,3.46496,-0.000904301,
21290,3.4706,-0.000905602,
21320,3.47484,-0.000906578,
21350,3.47799,-0.000907202,
21380,3.48039,-0.000907798,
21410,3.48219,-0.000908313,
21440,3.48373,-0.000908557,
21470,3.48494,-0.000908964,
21500,3.48601,-0.000909127,
21530,3.48688,-0.000909289,
21560,3.48754,-0.000909479,
21590,3.48835,-0.000909669,
21620,3.4889,-0.000909832,
21650,3.48952,-0.000909913,Finish=MaxDischargeTime
21660,3.52658,0.802878,
21670,3.65024,1.60048,
21680,3.74734,2.20014,
21690,3.82813,2.79688,
21700,3.92026,3.59597,
21710,4.01657,,
21720,4.04451,,
21730,4.0576,4.02283,
21740,4.06721,4.06147,
21750,4.07705,4.07166,
21760,4.08553,4.08763,
21770,4.09274,4.10067,
21780,4.09958,4.11269,
21790,4.10702,4.11463,
21800,4.11211,4.11827,
21810,4.11771,4.12021,
21820,4.12295,4.13675,
21830,4.12851,4.14105,
21840,4.13319,4.15692,
21850,4.13764,4.17779,
21860,4.14223,4.18494,
21870,4.14634,4.19989,
21880,4.14951,4.21895,
21890,4.15352,4.22687,
21900,4.15721,4.22803,
21910,4.15962,4.23059,
21920,4.1631,4.24113,
21930,4.16495,4.24257,
21940,4.1671,4.24157,
21950,4.16977,4.23237,
21960,4.1712,4.24074,
21970,4.17388,4.23818,
21980,4.17585,4.23045,
21990,4.17704,4.23294,
22000,4.17839,4.24663,
22010,4.1801,4.23374,
22020,4.18127,4.2337,
22030,4.18254,4.22738,
22040,4.18373,4.23358,
22050,4.18434,4.24029,
22060,4.18528,4.2512,
22070,4.18591,4.26439,
22080,4.18751,4.26794,
22090,4.18742,4.27487,
22100,4.18832,4.28203,
22110,4.18932,4.27988,
22120,4.19059,4.29007,
22130,4.19063,4.28474,
22140,4.19092,4.28532,
22150,4.19205,4.29081,
22160,4.1928,4.29469,
22170,4.1941,4.29476,
22180,4.1946,4.29283,
22190,4.19545,4.29483,
22200,4.19622,4.28559,
22210,4.19671,4.2891,
22220,4.19863,4.28413,
22230,4.1989,4.27825,
22240,4.19984,4.27821,
22250,4.201,4.28068,
22260,4.20162,4.2818,
22270,4.20278,4.27851,
22280,4.20443,4.27501,
22290,4.20484,4.26918,
22300,4.20645,4.27197,
22310,4.20768,4.27208,
22320,4.20836,4.27304,
22330,4.20891,4.27612,
22340,4.21007,4.26987,
22350,4.211,4.27476,
22360,4.21184,4.27324,
22370,4.2133,4.2748,
22380,4.2138,4.27857,
22390,4.21462,4.29203,
22400,4.21581,4.29894,
22410,4.21626,4.2981,
22420,4.21685,4.29536,
22430,4.21785,4.29542,
22440,4.21787,4.29672,
22450,4.21889,4.29452,
22460,4.21924,4.28538,
22470,4.22034,4.28495,
22480,4.22009,4.28656,
22490,4.22076,4.28795,
22500,4.22132,4.28362,
22510,4.22157,4.27612,
22520,4.22223,4.27624,
22530,4.22217,4.27363,
22540,4.22255,4.27622,
22550,4.22234,4.2776,
22560,4.22317,4.28817,
22570,4.2235,4.29462,
22580,4.22404,4.28483,
22590,4.22377,4.28308,
22600,4.22439,4.28624,
22610,4.22454,4.28171,
22620,4.22498,4.28231,
22630,4.22548,4.28001,
22640,4.22591,4.28314,
22650,4.2274,4.27851,
22660,4.22682,4.2714,
22670,4.22779,4.26178,
22680,4.22864,4.25656,
22690,4.22941,4.2549,
22700,4.22986,4.24881,
22710,4.23071,4.24148,
22720,4.2316,4.2427,
22730,4.23206,4.24385,
22740,4.2335,4.24774,
22750,4.23418,4.2527,
22760,4.23536,4.25669,
22770,4.23593,4.25975,
22780,4.23757,4.25775,
22790,4.23791,4.26432,
22800,4.23902,4.27194,
22810,4.24025,4.28253,
22820,4.24165,4.28572,
22830,4.24291,4.28931,
22840,4.24336,4.27825,
22850,4.24459,4.27665,
22860,4.24613,4.27731,
22870,4.24686,4.27248,
22880,4.24787,4.26878,
22890,4.2489,4.27714,
22900,4.24997,4.27047,
22910,4.25098,4.27389,
22920,4.25164,4.27555,
22930,4.25312,4.27172,
22940,4.25357,4.27185,
22950,4.25482,4.26648,
22960,4.25598,4.25688,
22970,4.25624,4.26973,
22980,4.25728,4.27914,
22990,4.25822,4.27894,
23000,4.25768,4.27407,
23010,4.2546,4.26044,
23020,4.2547,4.23223,
23030,4.25561,4.21929,
23040,4.25611,4.21379,
23050,4.25671,4.21719,
23060,4.25765,4.22479,
23070,4.25942,4.22021,
23080,4.25605,4.21198,
23090,4.258,4.21198,
23100,4.25563,4.2035,
23110,4.25737,4.19072,
23120,4.25701,4.17336,
23130,4.25658,4.16117,
23140,4.25706,4.15104,
23150,4.25822,4.15104,
23160,4.25679,4.1471,
23170,4.25848,4.13111,
23180,4.25881,4.12154,
23190,4.25831,4.12154,
23200,4.25651,4.10751,
23210,4.25819,4.08903,
23220,4.25754,4.07968,
23230,4.25883,4.0714,
23240,4.25356,4.04626,
23250,4.25524,4.03392,
23260,4.2562,4.01773,
23270,4.25857,4.00904,
23280,4.25731,4.00904,
23290,4.25775,3.98111,
23300,4.25768,3.96823,
23310,4.25869,3.953,
23320,4.25732,3.92406,
23330,4.25975,3.91184,
23340,4.25569,3.89428,
23350,4.25684,3.85439,
23360,4.26027,3.84377,
23370,4.25781,3.83614,
23380,4.26037,3.82501,
23390,4.25826,3.78908,
23400,4.25937,3.78419,
23410,4.25774,3.76497,
23420,4.25746,3.75016,
23430,4.25721,3.73582,
23440,4.25879,3.72592,
23450,4.25662,3.69733,
23460,4.25787,3.68184,
23470,4.25963,3.66284,
23480,4.2589,3.65839,
23490,4.25894,3.63428,
23500,4.2598,3.61701,
23510,4.25744,3.60647,
23520,4.2568,3.60647,
23530,4.2569,3.57279,
23540,4.25558,3.54486,
23550,4.2578,3.53731,
23560,4.25976,3.51928,
23570,4.25767,3.51928,
23580,4.25703,3.48928,
23590,4.25919,3.46289,
23600,4.25742,3.43225,
23610,4.25886,3.42153,
23620,4.25905,3.39977,
23630,4.25692,3.37482,
23640,4.258,3.36124,
23650,4.25733,3.33764,
23660,4.25568,3.31311,
23670,4.25732,3.30482,
23680,4.25867,3.29807,
23690,4.25643,3.28442,
23700,4.25836,3.27158,
23710,4.25611,3.2567,
23720,4.25874,3.24113,
23730,4.25809,3.22776,
23740,4.25715,3.21145,
23750,4.2571,3.18113,
23760,4.25782,3.16398,
23770,4.25819,3.13328,
23780,4.25494,3.099,
23790,4.25658,3.08481,
23800,4.25902,3.07059,
23810,4.25857,3.02769,
23820,4.25943,3.02769,
23830,4.2597,2.99486,
23840,4.25795,2.99486,
23850,4.2581,2.97596,
23860,4.25762,2.94151,
23870,4.25887,2.92365,
23880,4.25924,2.90563,
23890,4.25875,2.88475,
23900,4.2596,2.88475,
23910,4.25893,2.84951,
23920,4.2587,2.80664,
23930,4.25908,2.78537,
23940,4.26041,2.78537,
23950,4.25854,2.76708,
23960,4.25779,2.73089,
23970,4.2596,2.70999,
23980,4.25841,2.70999,
23990,4.25855,2.68983,
24000,4.25618,2.67101,
24010,4.25801,2.63608,
24020,4.2592,2.60188,
24030,4.25978,2.60188,
24040,4.25738,2.5602,
24050,4.25943,2.54391,
24060,4.25777,2.53101,
24070,4.25985,2.51967,
24080,4.25784,2.49434,
24090,4.25903,2.49434,
24100,4.25873,2.4642,
24110,4.25883,2.44174,
24120,4.25883,2.43536,
24130,4.26018,2.42602,
24140,4.25905,2.41346,
24150,4.25796,2.39972,
24160,4.25816,2.37981,
24170,4.25944,2.36563,
24180,4.2576,2.35305,
24190,4.25931,2.32757,
24200,4.25809,2.30939,
24210,4.25815,2.28712,
24220,4.25824,2.2577,
24230,4.25892,2.2577,
24240,4.25833,2.2292,
24250,4.25835,2.19207,
24260,4.25947,2.18396,
24270,4.2586,2.15398,
24280,4.25923,2.13511,
24290,4.25991,2.12544,
24300,4.25842,2.11157,
24310,4.25881,2.07306,
24320,4.25798,2.07306,
24330,4.25757,2.05098,
24340,4.25943,2.02781,
24350,4.25833,2.01021,
24360,4.25833,2.01021,
24370,4.25835,1.98422,
24380,4.25867,1.98422,
24390,4.25875,1.95923,
24400,4.25918,1.93173,
24410,4.25891,1.90755,
24420,4.26006,1.90755,
24430,4.25886,1.88127,
24440,4.25941,1.87565,
24450,4.25846,1.85052,
24460,4.25808,1.84113,
24470,4.25827,1.81964,
24480,4.25943,1.81425,
24490,4.25911,1.80318,
24500,4.25968,1.78016,
24510,4.25824,1.77399,
24520,4.25752,1.75613,
24530,4.25719,1.73989,
24540,4.25838,1.73168,
24550,4.25969,1.7149,
24560,4.25861,1.71041,
24570,4.25875,1.70433,
24580,4.25842,1.68688,
24590,4.25836,1.67222,
24600,4.25988,1.66093,
24610,4.25839,1.65509,
24620,4.25872,1.6383,
24630,4.25878,1.6383,
24640,4.25843,1.61627,
24650,4.25806,1.61627,
24660,4.25739,1.5983,
24670,4.25845,1.57924,
24680,4.25931,1.57924,
24690,4.25832,1.56158,
24700,4.25949,1.54227,
24710,4.25851,1.52303,
24720,4.26002,1.51872,
24730,4.25868,1.50485,
24740,4.25881,1.4932,
24750,4.25917,1.4932,
24760,4.25809,1.47543,
24770,4.25967,1.47543,
24780,4.25904,1.45757,
24790,4.25948,1.44663,
24800,4.25933,1.43762,
24810,4.25837,1.42833,
24820,4.25969,1.41872,
24830,4.25875,1.40039,
24840,4.25912,1.40039,
24850,4.25867,1.38406,
24860,4.25778,1.38407,
24870,4.25648,1.38338,
24880,4.25673,1.35796,
24890,4.25508,1.33487,
24900,4.25679,1.32362,
24910,4.25498,1.29812,
24920,4.2563,1.28076,
24930,4.25508,1.27117,
24940,4.25526,1.2495,
24950,4.25599,1.23842,
24960,4.25473,1.21789,
24970,4.25621,1.20471,
24980,4.25673,1.20471,
24990,4.25515,1.18952,
25000,4.25654,1.18084,
25010,4.25392,1.16715,
25020,4.25527,1.16356,
25030,4.25644,1.15519,
25040,4.25614,1.15519,
25050,4.25527,1.14518,
25060,4.2561,1.13743,
25070,4.25378,1.12717,
25080,4.25497,1.12339,
25090,4.25589,1.10988,
25100,4.25722,1.10374,
25110,4.25239,1.09705,
25120,4.25331,1.08219,
25130,4.25441,1.06955,
25140,4.25583,1.06793,
25150,4.25674,1.06383,
25160,4.25583,1.05473,
25170,4.25538,1.044,
25180,4.25443,1.03496,
25190,4.2556,1.02813,
25200,4.2571,1.02813,
25210,4.25424,1.0222,
25220,4.2554,1.01107,
25230,4.25564,1.00652,
25240,4.25366,0.991771,
25250,4.25496,0.981926,
25260,4.25636,0.979023,
25270,4.2561,0.969412,
25280,4.25506,0.964921,
25290,4.25394,0.955088,
25300,4.25347,0.953203,
25310,4.25415,0.937439,
25320,4.25313,0.937439,
25330,4.25226,0.926279,
25340,4.25321,0.914118,
25350,4.25437,0.907256,
25360,4.2536,0.902031,
25370,4.25219,0.889993,
25380,4.25315,0.880797,
25390,4.25424,0.871141,
25400,4.25312,0.860298,
25410,4.25409,0.853663,
25420,4.25232,0.847528,
25423,4.25083,0.843672,Finish=FinishedChargeCurrent
25453,4.1078,-0.00106969,
25483,4.09867,-0.001068,
25513,4.09322,-0.00106673,
25543,4.08926,-0.00106592,
25573,4.08616,-0.00106516,
25603,4.08358,-0.00106451,
25633,4.08139,-0.00106396,
25663,4.0796,-0.00106356,
25693,4.07803,-0.00106318,
25723,4.07673,-0.00106291,
25753,4.07549,-0.00106255,
25783,4.07453,-0.00106239,
25813,4.07347,-0.00106209,
25843,4.07271,-0.0010619,
25873,4.07189,-0.00106177,
25903,4.07127,-0.0010615,
25933,4.07053,-0.00106128,
25963,4.06991,-0.00106123,
25993,4.06938,-0.00106101,
26023,4.06866,-0.00106093,Finish=MaxDischargeTime
26033,3.41212,-4.49662,
26043,3.38963,-4.49675,
26053,3.37871,-4.49662,
26063,3.37212,-4.49661,
26073,3.36762,-4.4966,
26083,3.36484,-4.49682,
26093,3.36312,-4.49645,
26103,3.36214,-4.49674,
26113,3.36164,-4.49667,
26123,3.36182,-4.49677,
26133,3.36164,-4.4966,
26143,3.3618,-4.49666,
26153,3.36205,-4.49662,
26163,3.36232,-4.49655,
26173,3.3623,-4.49663,
26183,3.36247,-4.4966,
26193,3.3625,-4.4967,
26203,3.36231,-4.49668,
26213,3.36204,-4.49665,
26223,3.36158,-4.49655,
26233,3.36089,-4.49689,
26243,3.36022,-4.49657,
26253,3.35923,-4.49684,
26263,3.35799,-4.49665,
26273,3.35679,-4.49666,
26283,3.35528,-4.49689,
26293,3.35371,-4.49666,
26303,3.35188,-4.49653,
26313,3.34977,-4.49669,
26323,3.3475,-4.49654,
26333,3.34497,-4.49651,
26343,3.34219,-4.49679,
26353,3.33928,-4.4966,
26364,3.33606,-4.49667,
26374,3.33267,-4.49674,
26384,3.32898,-4.49672,
26394,3.32534,-4.49671,
26404,3.32151,-4.49669,
26414,3.31763,-4.49669,
26424,3.31332,-4.49669,
26434,3.3087,-4.49683,
26444,3.30406,-4.4967,
26454,3.29932,-4.49675,
26464,3.29442,-4.49663,
26474,3.2891,-4.49677,
26484,3.28432,-4.49655,
26494,3.27897,-4.49672,
26504,3.27398,-4.49655,
26514,3.26895,-4.49665,
26524,3.26352,-4.49677,
26534,3.25821,-4.49674,
26544,3.2529,-4.4965,
26554,3.2473,-4.49667,
26564,3.24227,-4.49661,
26574,3.23704,-4.49654,
26584,3.23177,-4.49661,
26594,3.22657,-4.49669,
26604,3.22161,-4.4965,
26614,3.21656,-4.49651,
26624,3.21215,-4.49656,
26634,3.20757,-4.4968,
26644,3.20303,-4.49665,
26654,3.19852,-4.4966,
26664,3.19423,-4.49666,
26674,3.18998,-4.49675,
26684,3.1858,-4.49686,
26694,3.18193,-4.49678,
26704,3.17788,-4.49646,
26714,3.17416,-4.49665,
26724,3.1707,-4.49656,
26734,3.16752,-4.49669,
26744,3.16377,-4.49645,
26754,3.16036,-4.49644,
26764,3.15717,-4.49655,
26774,3.15397,-4.49674,
26784,3.15072,-4.49676,
26794,3.1475,-4.49654,
26804,3.14466,-4.49673,
26814,3.14143,-4.49662,
26824,3.13868,-4.49645,
26834,3.13608,-4.49647,
26844,3.13354,-4.49638,
26854,3.13096,-4.49664,
26864,3.12847,-4.49663,
26874,3.1262,-4.49657,
26884,3.12387,-4.49659,
26894,3.12157,-4.4966,
26904,3.1196,-4.49665,
26914,3.1176,-4.49658,
26924,3.11559,-4.4964,
26934,3.11375,-4.49671,
26944,3.11184,-4.49677,
26954,3.11021,-4.4965,
26964,3.10853,-4.49656,
26974,3.10675,-4.49668,
26984,3.10522,-4.49673,
26994,3.10369,-4.49655,
27004,3.10208,-4.49653,
27014,3.10066,-4.49657,
27024,3.09912,-4.49647,
27034,3.09783,-4.49639,
27044,3.09652,-4.49648,
27054,3.09528,-4.49658,
27064,3.09376,-4.49639,
27074,3.09245,-4.49668,
27084,3.09126,-4.49668,
27094,3.08983,-4.49639,
27104,3.0886,-4.49649,
27114,3.08729,-4.49643,
27124,3.08596,-4.49648,
27134,3.08455,-4.49656,
27144,3.0831,-4.49656,
27154,3.08176,-4.49653,
27164,3.08034,-4.49667,
27174,3.0789,-4.49663,
27184,3.0773,-4.49638,
27194,3.07573,-4.49662,
27204,3.07409,-4.49645,
27214,3.07228,-4.49652,
27224,3.07052,-4.49646,
27234,3.06862,-4.4967,
27244,3.06675,-4.49652,
27254,3.06479,-4.49649,
27264,3.06275,-4.49661,
27274,3.0608,-4.49647,
27284,3.05885,-4.49666,
27294,3.05684,-4.49646,
27304,3.05451,-4.4969,
27314,3.05226,-4.49691,
27324,3.0498,-4.49666,
27334,3.0479,-4.49638,
27344,3.04549,-4.49655,
27354,3.04325,-4.49659,
27364,3.04095,-4.49633,
27374,3.03879,-4.49646,
27384,3.03665,-4.49672,
27394,3.03473,-4.49661,
27404,3.03254,-4.49671,
27414,3.03042,-4.49662,
27424,3.02847,-4.49651,
27434,3.02647,-4.49652,
27444,3.0246,-4.4964,
27454,3.02261,-4.49666,
27464,3.02089,-4.49666,
27474,3.01895,-4.4966,
27484,3.01729,-4.49651,
27494,3.0156,-4.49648,
27504,3.01379,-4.49655,
27514,3.01212,-4.49632,
27524,3.01032,-4.49646,
27534,3.00863,-4.49657,
27544,3.0071,-4.4966,
27554,3.00532,-4.49633,
27564,3.00372,-4.49662,
27574,3.002,-4.49655,
27584,3.00038,-4.49686,
27594,2.99877,-4.49662,
27604,2.99731,-4.4966,
27614,2.99552,-4.49647,
27624,2.99384,-4.49662,
27634,2.99199,-4.4966,
27644,2.99014,-4.49661,
27654,2.9883,-4.49655,
27664,2.98607,-4.49665,
27674,2.98414,-4.49654,
27684,2.98185,-4.49638,
27694,2.97975,-4.49664,
27704,2.97762,-4.49662,
27714,2.97527,-4.4964,
27724,2.97286,-4.49655,
27734,2.97026,-4.49635,
27744,2.96782,-4.49669,
27754,2.96495,-4.49659,
27764,2.96224,-4.49661,
27774,2.95933,-4.49671,
27784,2.95636,-4.49659,
27794,2.9533,-4.49642,
27804,2.95013,-4.49651,
27814,2.94712,-4.4964,
27824,2.9441,-4.4966,
27834,2.94088,-4.49664,
27844,2.93763,-4.49678,
27854,2.93422,-4.49645,
27864,2.93063,-4.49667,
27874,2.92765,-4.49673,
27884,2.9245,-4.49678,
27894,2.92119,-4.49663,
27904,2.91796,-4.49653,
27914,2.91476,-4.49664,
27924,2.9117,-4.49663,
27934,2.9086,-4.49663,
27944,2.90554,-4.49637,
27954,2.90247,-4.49651,
27964,2.89916,-4.49662,
27974,2.8959,-4.49659,
27984,2.89269,-4.49655,
27994,2.88949,-4.49643,
28004,2.88615,-4.49649,
28014,2.88307,-4.49654,
28024,2.87999,-4.49657,
28034,2.87664,-4.49657,
28044,2.8735,-4.49657,
28054,2.87021,-4.49647,
28064,2.86652,-4.49646,
28074,2.86328,-4.49647,
28084,2.85964,-4.49652,
28094,2.85609,-4.49633,
28104,2.85229,-4.49658,
28114,2.84851,-4.49666,
28124,2.84442,-4.49659,
28134,2.84038,-4.4967,
28144,2.83631,-4.49651,
28154,2.83214,-4.49655,
28164,2.82769,-4.4965,
28174,2.82298,-4.49646,
28184,2.81791,-4.49648,
28194,2.81278,-4.49669,
28204,2.80736,-4.49631,
28214,2.80186,-4.49654,
28224,2.79581,-4.49662,
28234,2.78995,-4.49655,
28244,2.78364,-4.49648,
28254,2.77744,-4.49649,
28264,2.77084,-4.49664,
28274,2.76381,-4.49659,
28284,2.7564,-4.49642,
28294,2.74866,-4.49649,
28304,2.74068,-4.49675,
28314,2.73235,-4.49666,
28324,2.72388,-4.49643,
28334,2.71489,-4.49647,
28344,2.70582,-4.49647,
28354,2.69647,-4.49657,
28364,2.68736,-4.49676,
28374,2.67812,-4.49655,
28384,2.66815,-4.49656,
28394,2.65799,-4.49652,
28404,2.64764,-4.49648,
28414,2.63693,-4.49651,
28424,2.62609,-4.49636,
28434,2.61495,-4.49622,
28444,2.60358,-4.49655,
28454,2.59169,-4.49655,
28464,2.57984,-4.49635,
28474,2.56818,-4.49634,
28484,2.55647,-4.49637,
28494,2.54387,-4.4965,
28504,2.53071,-4.49638,
28514,2.51771,-4.49641,
28523,2.49918,-4.49641,Finish=CutoffV
28553,3.28074,-0.00086976,
28583,3.36227,-0.000882041,
28613,3.39813,-0.000889389,
28643,3.4216,-0.000894595,
28673,3.43853,-0.000898255,
28703,3.45051,-0.000900912,
28733,3.45911,-0.000902864,
28763,3.46546,-0.000904355,
28793,3.47022,-0.000905385,
28823,3.47384,-0.000906199,
28853,3.47656,-0.000906795,
28883,3.47869,-0.000907283,
28913,3.48038,-0.000907663,
28943,3.48187,-0.000908069,
28973,3.4831,-0.000908422,
29003,3.48408,-0.000908639,
29033,3.48505,-0.000908828,
29063,3.48575,-0.000909018,
29093,3.48648,-0.000909235,
29123,3.48744,-0.000909371,Finish=MaxDischargeTime
29133,3.52414,0.802896,
29143,3.64852,1.60049,
29153,3.74672,2.20017,
29163,3.82966,2.79688,
29173,3.92097,3.59579,
29183,4.01605,,
29193,4.04543,,
29203,4.05812,4.06012,
29213,4.06827,4.09679,
29223,4.07711,4.11484,
29233,4.08572,4.14113,
29243,4.09383,4.14693,
29253,4.10011,4.15266,
29263,4.10684,4.14429,
29273,4.11298,4.1528,
29283,4.11878,4.15239,
29293,4.12413,4.16045,
29303,4.12842,4.16992,
29313,4.13452,4.1686,
29323,4.13795,4.17485,
29333,4.14258,4.17852,
29343,4.14705,4.18372,
29353,4.15033,4.19459,
29363,4.15389,4.20087,
29373,4.15748,4.20534,
29383,4.16078,4.21536,
29393,4.16272,4.2219,
29403,4.16624,4.22058,
29413,4.16847,4.2239,
29423,4.17037,4.22189,
29433,4.17277,4.22691,
29443,4.17464,4.22551,
29453,4.17637,4.22416,
29463,4.17804,4.22222,
29473,4.18008,4.2241,
29483,4.18165,4.22715,
29493,4.18307,4.23259,
29503,4.18444,4.22885,
29513,4.18481,4.2278,
29523,4.18623,4.23124,
29533,4.18712,4.23644,
29543,4.18824,4.24104,
29553,4.18879,4.24379,
29563,4.18932,4.23858,
29573,4.19028,4.24457,
29583,4.19158,4.25004,
29593,4.19181,4.25181,
29603,4.19255,4.25267,
29613,4.19331,4.25501,
29623,4.19399,4.2736,
29633,4.19478,4.27636,
29643,4.19542,4.27916,
29653,4.19658,4.28546,
29663,4.19741,4.28473,
29673,4.19748,4.28324,
29683,4.19873,4.27619,
29693,4.19931,4.27477,
29703,4.20053,4.27692,
29713,4.20107,4.28179,
29723,4.20189,4.28457,
29733,4.20341,4.28382,
29743,4.20428,4.27633,
29753,4.20543,4.28276,
29763,4.20611,4.28378,
29773,4.20741,4.27995,
29783,4.20866,4.28111,
29793,4.20924,4.28407,
29803,4.21067,4.28223,
29813,4.21206,4.28122,
29823,4.2127,4.28346,
29833,4.2139,4.29196,
29843,4.21543,4.29122,
29853,4.21615,4.28951,
29863,4.21707,4.2873,
29873,4.21787,4.28337,
29883,4.21838,4.28473,
29893,4.21937,4.28046,
29903,4.22023,4.28054,
29913,4.22062,4.28059,
29923,4.22157,4.27168,
29933,4.2223,4.27401,
29943,4.22272,4.27369,
29953,4.22317,4.27426,
29963,4.22394,4.27857,
29973,4.2241,4.27902,
29983,4.22466,4.27618,
29993,4.22574,4.2746,
30003,4.22573,4.27521,
30013,4.22611,4.2677,
30023,4.22657,4.26995,
30033,4.22662,4.27372,
30043,4.22708,4.2784,
30053,4.22744,4.27773,
30063,4.22763,4.27738,
30073,4.2283,4.27077,
30083,4.22882,4.27351,
30093,4.22877,4.27595,
30103,4.22969,4.26834,
30113,4.22982,4.28406,
30123,4.23024,4.2887,
30133,4.23056,4.29306,
30143,4.23073,4.28564,
30153,4.23207,4.28797,
30163,4.23273,4.28145,
30173,4.23296,4.27532,
30183,4.2338,4.27761,
30193,4.23372,4.27462,
30203,4.23486,4.27154,
30213,4.23566,4.27638,
30223,4.23707,4.27716,
30233,4.23783,4.27137,
30243,4.23859,4.2726,
30253,4.23953,4.27768,
30263,4.24016,4.27653,
30273,4.24124,4.27664,
30283,4.24248,4.27973,
30293,4.24345,4.27878,
30303,4.24497,4.28236,
30313,4.24581,4.28625,
30323,4.24706,4.28562,
30333,4.24812,4.28369,
30343,4.24974,4.27482,
30353,4.25083,4.28112,
30363,4.25155,4.27863,
30373,4.25262,4.27061,
30383,4.25394,4.27621,
30393,4.25504,4.27958,
30403,4.2558,4.27527,
30413,4.25346,4.27527,
30423,4.25176,4.27528,
30433,4.2514,4.25534,
30443,4.25183,4.25128,
30453,4.25285,4.2422,
30463,4.25409,4.23758,
30473,4.25445,4.22817,
30483,4.25569,4.22038,
30493,4.25654,4.21292,
30503,4.25824,4.20289,
30513,4.25514,4.20061,
30523,4.25655,4.19899,
30533,4.25775,4.1952,
30543,4.25866,4.19531,
30553,4.2573,4.18046,
30563,4.25764,4.17115,
30573,4.25862,4.16079,
30583,4.25889,4.14527,
30593,4.25734,4.1439,
30603,4.25802,4.13998,
30613,4.25866,4.13384,
30623,4.26037,4.12397,
30633,4.25588,4.12152,
30643,4.25695,4.09589,
30653,4.2574,4.08137,
30663,4.25794,4.08137,
30673,4.25559,4.06847,
30683,4.25502,4.05485,
30693,4.25447,4.03855,
30703,4.25656,4.01927,
30713,4.25835,4.01313,
30723,4.2565,4.00066,
30733,4.25794,3.98024,
30743,4.25935,3.98025,
30753,4.2564,3.96539,
30763,4.25806,3.94483,
30773,4.259,3.93682,
30783,4.25717,3.92257,
30793,4.25894,3.89965,
30803,4.25855,3.88789,
30813,4.25781,3.87061,
30823,4.25878,3.8448,
30833,4.25895,3.83456,
30843,4.25906,3.8047,
30853,4.25845,3.77726,
30863,4.25911,3.76404,
30873,4.26003,3.75287,
30883,4.25754,3.74024,
30893,4.26001,3.72007,
30903,4.2561,3.70736,
30913,4.25702,3.6789,
30923,4.25884,3.66703,
30933,4.25747,3.66703,
30944,4.25657,3.63264,
30954,4.2586,3.62098,
30964,4.25785,3.59677,
30974,4.25962,3.57881,
30984,4.25803,3.55238,
30994,4.2587,3.55238,
31004,4.25822,3.53378,
31014,4.25778,3.51116,
31024,4.25781,3.51117,
31034,4.25716,3.47718,
31044,4.25916,3.45645,
31054,4.25897,3.43751,
31064,4.25804,3.43751,
31074,4.25566,3.40498,
31084,4.25663,3.38942,
31094,4.2585,3.35694,
31104,4.25845,3.34586,
31114,4.25932,3.32034,
31124,4.25682,3.30695,
31134,4.2585,3.27658,
31144,4.25713,3.27658,
31154,4.25764,3.26765,
31164,4.2568,3.23603,
31174,4.25923,3.22966,
31184,4.25733,3.21253,
31194,4.25917,3.20031,
31204,4.2576,3.17446,
31214,4.25665,3.16143,
31224,4.25744,3.13319,
31234,4.25826,3.13319,
31244,4.25754,3.09259,
31254,4.25719,3.07732,
31264,4.25987,3.05514,
31274,4.25671,3.01546,
31284,4.2588,2.9919,
31294,4.26058,2.9919,
31304,4.25932,2.97241,
31314,4.25901,2.95645,
31324,4.25816,2.95645,
31334,4.25774,2.92183,
31344,4.26052,2.90506,
31354,4.25953,2.90506,
31364,4.25804,2.86503,
31374,4.2596,2.86503,
31384,4.25839,2.84228,
31394,4.25857,2.80345,
31404,4.26082,2.78687,
31414,4.25959,2.78687,
31424,4.25905,2.73914,
31434,4.25848,2.71938,
31444,4.25969,2.7027,
31454,4.25908,2.65662,
31464,4.25696,2.62475,
31474,4.26008,2.61237,
31484,4.25833,2.59718,
31494,4.26019,2.58209,
31504,4.25931,2.56885,
31514,4.2574,2.55423,
31524,4.25925,2.51965,
31534,4.2581,2.50884,
31544,4.25952,2.47746,
31554,4.25824,2.46088,
31564,4.25939,2.46088,
31574,4.25833,2.43224,
31584,4.26036,2.42203,
31594,4.25696,2.40477,
31604,4.25885,2.37391,
31614,4.25962,2.36804,
31624,4.25834,2.35338,
31634,4.25957,2.33022,
31644,4.25846,2.30204,
31654,4.25939,2.29148,
31664,4.26054,2.29148,
31674,4.25712,2.26688,
31684,4.2585,2.25476,
31694,4.25953,2.23463,
31704,4.25911,2.2075,
31714,4.25902,2.2018,
31724,4.25918,2.19305,
31734,4.25853,2.15695,
31744,4.26059,2.15695,
31754,4.25937,2.14427,
31764,4.25996,2.14427,
31774,4.25967,2.11995,
31784,4.25887,2.10115,
31794,4.25735,2.07545,
31804,4.25918,2.06213,
31814,4.25911,2.04445,
31824,4.25793,2.02687,
31834,4.25849,2.00992,
31844,4.2601,1.99831,
31854,4.25969,1.99831,
31864,4.25783,1.98154,
31874,4.25862,1.94387,
31884,4.26025,1.9272,
31894,4.25664,1.91517,
31904,4.25743,1.88803,
31914,4.25892,1.87414,
31924,4.25911,1.87414,
31934,4.25791,1.84493,
31944,4.2593,1.82501,
31954,4.25879,1.81116,
31964,4.25894,1.78634,
31974,4.25851,1.76606,
31984,4.25978,1.76606,
31994,4.25784,1.74474,
32004,4.25775,1.72599,
32014,4.25902,1.71908,
32024,4.25935,1.69918,
32034,4.25901,1.69918,
32044,4.25806,1.67334,
32054,4.25867,1.66537,
32064,4.25735,1.64714,
32074,4.25866,1.64106,
32084,4.25958,1.62224,
32094,4.25993,1.62225,
32104,4.25925,1.60734,
32114,4.25791,1.59815,
32124,4.25843,1.58351,
32134,4.26037,1.57252,
32144,4.25869,1.5639,
32154,4.25719,1.55116,
32164,4.25838,1.54467,
32174,4.25955,1.53761,
32184,4.25949,1.53761,
32194,4.25914,1.53054,
32204,4.25882,1.51097,
32214,4.25977,1.51097,
32224,4.25953,1.49166,
32234,4.25804,1.48145,
32244,4.25856,1.47008,
32254,4.25865,1.45132,
32264,4.26038,1.44113,
32274,4.25899,1.41731,
32284,4.2596,1.41731,
32294,4.2592,1.39808,
32304,4.25856,1.38841,
32314,4.25921,1.38,
32324,4.25938,1.38,
32334,4.25608,1.38,
32344,4.25592,1.35675,
32354,4.2566,1.33455,
32364,4.25526,1.32243,
32374,4.25589,1.31067,
32384,4.25491,1.29711,
32394,4.25492,1.27322,
32404,4.25649,1.26352,
32414,4.25608,1.25243,
32424,4.25658,1.25243,
32434,4.25462,1.22927,
32444,4.25471,1.20486,
32454,4.25599,1.18898,
32464,4.25712,1.18898,
32474,4.25472,1.17007,
32484,4.25643,1.15673,
32494,4.25412,1.15255,
32504,4.25512,1.14241,
32514,4.25619,1.13257,
32524,4.25656,1.13257,
32534,4.25472,1.11617,
32544,4.25578,1.10518,
32554,4.25693,1.10097,
32564,4.25422,1.09387,
32574,4.25535,1.08529,
32584,4.2557,1.08137,
32594,4.25532,1.075,
32604,4.25673,1.0611,
32614,4.25593,1.0571,
32624,4.25685,1.05056,
32634,4.25388,1.03781,
32644,4.25481,1.03227,
32654,4.25602,1.02523,
32664,4.25714,1.02065,
32674,4.25207,1.02032,
32684,4.25297,1.00486,
32694,4.25403,0.994464,
32704,4.25548,0.989762,
32714,4.25664,0.976228,
32724,4.2556,0.970574,
32734,4.25649,0.971358,
32744,4.25413,0.965797,
32754,4.25531,0.952049,
32764,4.25647,0.950224,
32774,4.25452,0.949044,
32784,4.25447,0.940978,
32794,4.25257,0.936452,
32804,4.25255,0.926159,
32814,4.25389,0.911453,
32824,4.25372,0.905134,
32834,4.25411,0.894461,
32844,4.25386,0.888855,
32854,4.25178,0.882328,
32864,4.25274,0.871022,
32874,4.25377,0.862454,
32884,4.25424,0.860164,
32894,4.25141,0.849302,
32897,4.25207,0.845804,Finish=FinishedChargeCurrent
32927,4.10817,-0.00106985,
32957,4.09911,-0.00106809,
32987,4.09364,-0.00106687,
33017,4.08973,-0.00106597,
33047,4.08674,-0.00106529,
33077,4.08402,-0.00106462,
33107,4.08201,-0.00106421,
33137,4.08022,-0.00106377,
33167,4.0787,-0.00106329,
33197,4.07735,-0.00106299,
33227,4.0762,-0.00106269,
33257,4.07509,-0.00106245,
33287,4.07416,-0.00106226,
33317,4.0733,-0.00106201,
33347,4.0725,-0.00106185,
33377,4.0718,-0.00106171,
33407,4.07117,-0.00106147,
33437,4.07059,-0.00106139,
33467,4.07001,-0.00106128,
33497,4.06918,-0.00106106,Finish=MaxDischargeTime
33507,3.41177,-4.49687,
33517,3.38858,-4.49675,
33527,3.37759,-4.49668,
33537,3.37057,-4.4966,
33547,3.3661,-4.49665,
33557,3.36327,-4.49664,
33567,3.36163,-4.49672,
33577,3.3607,-4.49674,
33587,3.36022,-4.49686,
33597,3.36013,-4.49684,
33607,3.36056,-4.49665,
33617,3.36085,-4.49697,
33627,3.3611,-4.49674,
33637,3.36157,-4.49674,
33647,3.36172,-4.49643,
33657,3.36202,-4.49664,
33667,3.36219,-4.49646,
33677,3.36212,-4.49653,
33687,3.36194,-4.49655,
33697,3.3617,-4.49665,
33707,3.3612,-4.49663,
33717,3.36052,-4.49663,
33727,3.35968,-4.4967,
33737,3.35865,-4.49659,
33747,3.35761,-4.49651,
33757,3.35614,-4.49655,
33767,3.35454,-4.49662,
33777,3.35274,-4.49665,
33787,3.35086,-4.49669,
33797,3.34861,-4.49663,
33807,3.34615,-4.49658,
33817,3.34317,-4.49664,
33827,3.34032,-4.49668,
33837,3.33708,-4.49679,
33847,3.33377,-4.49678,
33857,3.33022,-4.49652,
33867,3.32648,-4.49668,
33877,3.32252,-4.49649,
33887,3.31845,-4.49683,
33897,3.31461,-4.49666,
33907,3.31017,-4.49673,
33917,3.30554,-4.49694,
33927,3.30074,-4.49688,
33937,3.29596,-4.49663,
33947,3.29102,-4.49647,
33957,3.28589,-4.49666,
33967,3.2809,-4.49677,
33977,3.27555,-4.4966,
33987,3.27026,-4.49635,
33997,3.26524,-4.49672,
34007,3.2603,-4.49669,
34017,3.25485,-4.49649,
34027,3.24958,-4.49662,
34037,3.24412,-4.49658,
34047,3.23904,-4.49651,
34057,3.23375,-4.49661,
34067,3.22872,-4.4966,
34077,3.22358,-4.4967,
34087,3.21864,-4.49656,
34097,3.21385,-4.49666,
34107,3.20933,-4.49657,
34117,3.20502,-4.49675,
34127,3.20049,-4.49667,
34137,3.19603,-4.49679,
34147,3.19188,-4.49651,
34157,3.18767,-4.49666,
34167,3.18366,-4.49666,
34177,3.17975,-4.4966,
34187,3.17578,-4.49663,
34197,3.17203,-4.49657,
34207,3.16848,-4.49665,
34217,3.16504,-4.49681,
34227,3.16171,-4.49649,
34237,3.15834,-4.49645,
34247,3.15501,-4.49653,
34257,3.15161,-4.4967,
34267,3.14855,-4.49683,
34277,3.14524,-4.49662,
34287,3.14221,-4.49661,
34297,3.13924,-4.49654,
34307,3.13633,-4.49662,
34317,3.1333,-4.49648,
34327,3.13058,-4.49668,
34337,3.12795,-4.49663,
34347,3.12518,-4.49682,
34357,3.12258,-4.49654,
34367,3.12015,-4.49672,
34377,3.11775,-4.49658,
34387,3.11543,-4.49658,
34397,3.11321,-4.49661,
34407,3.1111,-4.49665,
34417,3.10892,-4.49663,
34427,3.10689,-4.49658,
34437,3.10476,-4.49668,
34447,3.10313,-4.49658,
34457,3.10131,-4.49651,
34467,3.0996,-4.49643,
34477,3.09774,-4.49644,
34487,3.09625,-4.49662,
34497,3.09443,-4.49674,
34507,3.09287,-4.49672,
34517,3.0913,-4.49659,
34527,3.08982,-4.49665,
34537,3.08827,-4.49667,
34547,3.08704,-4.49675,
34557,3.08567,-4.49657,
34567,3.08427,-4.49686,
34577,3.08273,-4.49644,
34587,3.08131,-4.49663,
34597,3.08004,-4.49662,
34607,3.0786,-4.49661,
34617,3.07719,-4.49655,
34627,3.07568,-4.49662,
34637,3.07416,-4.4964,
34647,3.07266,-4.49655,
34657,3.0712,-4.49667,
34667,3.06973,-4.49661,
34677,3.06803,-4.4968,
34687,3.0663,-4.49657,
34697,3.06458,-4.49657,
34707,3.06288,-4.49679,
34717,3.06097,-4.49647,
34727,3.059,-4.4965,
34737,3.05705,-4.4966,
34747,3.05506,-4.49647,
34757,3.05297,-4.49652,
34767,3.05095,-4.49658,
34777,3.04899,-4.49647,
34787,3.04679,-4.49665,
34797,3.04474,-4.49658,
34807,3.04214,-4.49671,
34817,3.04008,-4.4967,
34827,3.03773,-4.49676,
34837,3.03552,-4.49666,
34847,3.03321,-4.49675,
34857,3.03107,-4.49656,
34867,3.02897,-4.49651,
34877,3.02685,-4.49652,
34887,3.02516,-4.49651,
34897,3.02309,-4.49666,
34907,3.02121,-4.49643,
34917,3.01931,-4.49672,
34927,3.0174,-4.4968,
34937,3.01546,-4.49653,
34947,3.0136,-4.49652,
34957,3.01183,-4.49661,
34967,3.01004,-4.49658,
34977,3.00817,-4.49674,
34987,3.00658,-4.49656,
34997,3.00482,-4.49669,
35007,3.00326,-4.49649,
35017,3.00159,-4.49675,
35027,3.00003,-4.49669,
35037,2.9983,-4.49678,
35047,2.99657,-4.4966,
35057,2.99492,-4.49659,
35067,2.99325,-4.49669,
35077,2.99169,-4.49655,
35087,2.98994,-4.49668,
35097,2.9884,-4.49662,
35107,2.98664,-4.49646,
35117,2.98486,-4.49667,
35127,2.98306,-4.49646,
35137,2.98125,-4.4966,
35147,2.97942,-4.49656,
35157,2.97736,-4.49652,
35167,2.97536,-4.49664,
35177,2.97311,-4.49645,
35187,2.97105,-4.49642,
35197,2.96865,-4.49655,
35207,2.96642,-4.49658,
35217,2.96417,-4.49656,
35227,2.96159,-4.49654,
35237,2.95884,-4.49664,
35247,2.95612,-4.49654,
35257,2.95331,-4.49673,
35267,2.95022,-4.49644,
35277,2.94727,-4.49662,
35287,2.94411,-4.49673,
35297,2.94087,-4.4967,
35307,2.93785,-4.4966,
35317,2.93435,-4.49673,
35327,2.93115,-4.49683,
35337,2.92745,-4.4966,
35347,2.92379,-4.49658,
35357,2.92034,-4.4965,
35367,2.91663,-4.49647,
35377,2.91299,-4.49658,
35387,2.9093,-4.49664,
35397,2.90568,-4.49669,
35407,2.90209,-4.49658,
35417,2.89873,-4.49652,
35427,2.89538,-4.49652,
35437,2.89178,-4.49672,
35447,2.88821,-4.49666,
35457,2.8846,-4.49641,
35467,2.88094,-4.49652,
35477,2.87749,-4.49661,
35487,2.87366,-4.49674,
35497,2.87021,-4.49662,
35507,2.86648,-4.49632,
35517,2.863,-4.49658,
35527,2.85958,-4.49657,
35537,2.8558,-4.49623,
35547,2.85221,-4.49659,
35557,2.84847,-4.49628,
35567,2.84464,-4.49653,
35577,2.84061,-4.49661,
35587,2.83659,-4.49637,
35597,2.83249,-4.4967,
35607,2.82834,-4.49659,
35617,2.82386,-4.4967,
35627,2.81987,-4.49655,
35637,2.81529,-4.49663,
35647,2.81043,-4.4966,
35657,2.80537,-4.49669,
35667,2.80015,-4.49675,
35677,2.79472,-4.49655,
35687,2.78909,-4.49655,
35697,2.78331,-4.4966,
35707,2.77685,-4.49659,
35717,2.77089,-4.49664,
35727,2.76472,-4.49633,
35737,2.75808,-4.49644,
35747,2.7509,-4.49647,
35757,2.74375,-4.4965,
35767,2.73582,-4.49682,
35777,2.72787,-4.49642,
35787,2.71934,-4.49641,
35797,2.71056,-4.49667,
35807,2.70155,-4.49661,
35817,2.69211,-4.49665,
35827,2.68292,-4.49647,
35837,2.67358,-4.49653,
35847,2.66391,-4.49645,
35857,2.65309,-4.49641,
35867,2.64236,-4.49647,
35877,2.6315,-4.49627,
35887,2.62034,-4.49626,
35897,2.60886,-4.49637,
35907,2.59675,-4.49645,
35917,2.58504,-4.49644,
35927,2.57278,-4.49664,
35937,2.56072,-4.49645,
35947,2.54852,-4.49648,
35957,2.5353,-4.49635,
35967,2.52181,-4.49642,
35977,2.5079,-4.49647,
35978,2.49991,-4.49647,Finish=CutoffV
36008,3.27057,-0.00086694,
36038,3.35165,-0.000879195,
36068,3.38888,-0.000887193,
36098,3.41396,-0.000892724,
36128,3.43168,-0.000896628,
36158,3.44424,-0.000899393,
36188,3.45353,-0.000901454,
36218,3.46068,-0.000903108,
36248,3.46586,-0.000904328,
36278,3.46995,-0.00090525,
36308,3.47318,-0.000905955,
36338,3.47571,-0.000906632,
36368,3.47777,-0.000907066,
36398,3.4793,-0.00090731,
36428,3.48075,-0.000907744,
36458,3.48193,-0.000908069,
36488,3.483,-0.000908286,
36518,3.48381,-0.000908503,
36548,3.48454,-0.000908693,
36578,3.48567,-0.00090891,Finish=MaxDischargeTime
36588,3.52308,0.802913,
36598,3.64917,1.60052,
36608,3.74727,2.20017,
36618,3.82848,2.79692,
36628,3.92266,3.59588,
36638,4.01899,,
36648,4.04886,,
36658,4.06072,4.06333,
36668,4.07078,4.07854,
36678,4.07905,4.08809,
36688,4.08661,4.11518,
36698,4.09428,4.1213,
36708,4.10116,4.12256,
36718,4.10736,4.13492,
36728,4.11306,4.12936,
36738,4.11925,4.13285,
36748,4.12417,4.14116,
36758,4.12936,4.15281,
36768,4.13398,4.15984,
36778,4.13888,4.17102,
36788,4.14247,4.18374,
36798,4.14644,4.18225,
36808,4.1508,4.18542,
36818,4.15402,4.20181,
36828,4.15753,4.2037,
36838,4.16111,4.20837,
36848,4.16431,4.21693,
36858,4.167,4.21698,
36868,4.16972,4.2209,
36878,4.17274,4.22522,
36888,4.17503,4.22878,
36898,4.17729,4.23763,
36908,4.17908,4.24388,
36918,4.18125,4.25023,
36928,4.18313,4.25876,
36938,4.1846,4.25888,
36948,4.18678,4.2719,
36958,4.18827,4.27851,
36969,4.18923,4.27113,
36978,4.19101,4.27073,
36988,4.19259,4.27108,
36998,4.19307,4.27265,
37008,4.19451,4.26791,
37018,4.19508,4.26915,
37028,4.19637,4.27252,
37038,4.19651,4.26606,
37048,4.19749,4.26883,
37059,4.19823,4.27373,
37069,4.19929,4.271,
37079,4.20031,4.26979,
37089,4.20023,4.26306,
37099,4.20047,4.26419,
37109,4.20185,4.26421,
37119,4.202,4.26939,
37129,4.20234,4.27003,
37139,4.20285,4.25892,
37149,4.20312,4.25547,
37159,4.20376,4.25475,
37169,4.2039,4.2609,
37179,4.20461,4.26237,
37189,4.20507,4.26288,
37199,4.20567,4.26879,
37209,4.20656,4.27003,
37219,4.20728,4.26833,
37229,4.20747,4.27273,
37239,4.20876,4.26672,
37249,4.21029,4.26656,
37259,4.21072,4.26894,
37269,4.21107,4.26689,
37279,4.21126,4.26778,
37289,4.21298,4.26949,
37299,4.21393,4.27161,
37309,4.21484,4.27018,
37319,4.21595,4.26872,
37329,4.21662,4.27949,
37339,4.21752,4.27924,
37349,4.21923,4.27914,
37359,4.21992,4.28009,
37369,4.22098,4.27822,
37379,4.22238,4.27295,
37389,4.22373,4.26926,
37399,4.22446,4.26151,
37409,4.22562,4.26682,
37419,4.22684,4.27204,
37429,4.22801,4.26948,
37439,4.22852,4.26966,
37449,4.22915,4.2632,
37459,4.23031,4.262,
37469,4.23094,4.24876,
37479,4.23213,4.2651,
37489,4.2319,4.27088,
37499,4.23305,4.27357,
37509,4.23348,4.27426,
37519,4.23409,4.27712,
37529,4.23497,4.27042,
37539,4.23486,4.27056,
37549,4.23612,4.27086,
37559,4.23596,4.27102,
37569,4.23723,4.27597,
37579,4.23726,4.27693,
37589,4.238,4.2758,
37599,4.23791,4.27619,
37609,4.23897,4.27454,
37619,4.23921,4.27477,
37629,4.23935,4.27186,
37639,4.2399,4.26838,
37649,4.24004,4.26741,
37659,4.24115,4.25965,
37669,4.24106,4.25681,
37679,4.24187,4.25383,
37689,4.24236,4.26572,
37699,4.24247,4.26389,
37709,4.24394,4.26792,
37719,4.24446,4.26672,
37729,4.24533,4.26446,
37739,4.24522,4.27481,
37749,4.24654,4.2755,
37759,4.24758,4.27524,
37769,4.24848,4.27881,
37779,4.24926,4.28138,
37789,4.24985,4.27927,
37799,4.25134,4.26697,
37809,4.25266,4.2771,
37819,4.25311,4.27586,
37829,4.2543,4.27202,
37839,4.2555,4.2767,
37849,4.25651,4.26825,
37859,4.25819,4.27846,
37869,4.25838,4.27136,
37879,4.25731,4.26171,
37889,4.25628,4.25373,
37899,4.25715,4.24079,
37909,4.25805,4.2366,
37919,4.25854,4.23011,
37929,4.25854,4.23077,
37939,4.25636,4.22723,
37949,4.25735,4.21374,
37959,4.25855,4.20258,
37969,4.25942,4.20258,
37979,4.25636,4.20258,
37989,4.25551,4.18496,
37999,4.25618,4.18444,
38009,4.25732,4.16069,
38019,4.25848,4.14008,
38029,4.25647,4.11898,
38039,4.25755,4.10448,
38049,4.25859,4.10133,
38059,4.25887,4.10133,
38069,4.2561,4.09339,
38079,4.2565,4.06691,
38089,4.25717,4.0583,
38099,4.25765,4.03057,
38109,4.25846,4.01782,
38119,4.25542,4.0022,
38129,4.2571,3.98563,
38139,4.25824,3.9768,
38149,4.2561,3.9669,
38159,4.25826,3.95656,
38169,4.25662,3.93965,
38179,4.25753,3.9364,
38189,4.25923,3.92182,
38199,4.25739,3.914,
38209,4.25883,3.90532,
38219,4.25814,3.89446,
38229,4.25849,3.87788,
38239,4.25889,3.85647,
38249,4.25708,3.84816,
38259,4.25678,3.8393,
38269,4.25677,3.82478,
38279,4.25788,3.80278,
38289,4.25786,3.77885,
38299,4.25846,3.764,
38309,4.25761,3.75213,
38319,4.25823,3.73842,
38329,4.25981,3.72167,
38339,4.25843,3.70023,
38349,4.25715,3.68378,
38359,4.25779,3.66802,
38369,4.25806,3.64074,
38379,4.25886,3.62774,
38389,4.25827,3.61827,
38399,4.25823,3.60087,
38409,4.25951,3.58281,
38419,4.25928,3.56555,
38429,4.25822,3.55201,
38439,4.25892,3.54321,
38449,4.25852,3.52826,
38459,4.25944,3.49951,
38469,4.25968,3.49951,
38479,4.25951,3.46534,
38489,4.25677,3.46534,
38499,4.25076,3.44139,
38509,4.24927,3.39543,
38519,4.25055,3.34992,
38529,4.25229,3.32951,
38539,4.2523,3.29052,
38549,4.25427,3.2681,
38559,4.25583,3.23154,
38569,4.2567,3.23154,
38579,4.25778,3.19805,
38589,4.25761,3.17399,
38599,4.25908,3.16287,
38609,4.25646,3.14602,
38619,4.25698,3.12579,
38629,4.25805,3.11997,
38639,4.25905,3.09906,
38649,4.25758,3.08815,
38659,4.25928,3.07729,
38669,4.25549,3.06723,
38679,4.25657,3.03868,
38689,4.25818,3.02382,
38699,4.26024,3.01118,
38709,4.25981,3.0045,
38719,4.25859,2.99467,
38729,4.26016,2.98162,
38739,4.25754,2.96258,
38749,4.25859,2.94892,
38759,4.25866,2.93429,
38769,4.25881,2.93429,
38779,4.25876,2.89899,
38789,4.25826,2.87355,
38799,4.25856,2.87355,
38809,4.25828,2.84349,
38819,4.25952,2.82985,
38829,4.25637,2.791,
38839,4.25726,2.77302,
38849,4.25805,2.73624,
38859,4.25868,2.71882,
38869,4.25899,2.71882,
38879,4.25814,2.68553,
38889,4.25958,2.68553,
38899,4.259,2.67136,
38909,4.258,2.65388,
38919,4.25772,2.62576,
38929,4.25895,2.62576,
38939,4.2579,2.58142,
38949,4.25722,2.54827,
38959,4.25918,2.52271,
38969,4.26026,2.50805,
38979,4.25809,2.49231,
38989,4.25898,2.49231,
38999,4.25778,2.45739,
39009,4.25868,2.44611,
39019,4.25823,2.42765,
39029,4.26006,2.40951,
39039,4.25878,2.38538,
39049,4.25879,2.38538,
39059,4.25887,2.3541,
39069,4.25967,2.3471,
39079,4.2594,2.31822,
39089,4.25853,2.3019,
39099,4.25871,2.28915,
39109,4.258,2.26723,
39119,4.25893,2.25234,
39129,4.25789,2.2296,
39139,4.25927,2.20951,
39149,4.25995,2.20951,
39159,4.25846,2.20951,
39169,4.25791,2.18767,
39179,4.25928,2.17189,
39189,4.25783,2.14695,
39199,4.26005,2.13228,
39209,4.25817,2.11314,
39219,4.25947,2.09525,
39229,4.25918,2.08632,
39239,4.25871,2.06121,
39249,4.25827,2.03149,
39259,4.25921,2.03149,
39269,4.25833,2.00646,
39279,4.25969,1.99886,
39289,4.25871,1.97619,
39299,4.25874,1.96506,
39309,4.25864,1.93883,
39319,4.25906,1.93883,
39329,4.25916,1.91673,
39339,4.25863,1.90592,
39349,4.25734,1.88734,
39359,4.25837,1.85851,
39369,4.26009,1.84636,
39379,4.25876,1.83382,
39389,4.25914,1.80739,
39399,4.25908,1.78921,
39409,4.26066,1.78921,
39419,4.25895,1.76865,
39429,4.2594,1.76865,
39439,4.25928,1.74548,
39449,4.25833,1.73681,
39459,4.25955,1.72509,
39469,4.25846,1.71135,
39479,4.25876,1.69423,
39489,4.25919,1.68421,
39499,4.25985,1.68421,
39509,4.25975,1.67154,
39519,4.25823,1.64446,
39529,4.25823,1.64446,
39539,4.25749,1.61494,
39549,4.25938,1.60259,
39559,4.25854,1.58988,
39569,4.25899,1.58069,
39579,4.25813,1.56792,
39589,4.25866,1.55956,
39599,4.26061,1.54778,
39609,4.25845,1.5355,
39619,4.25702,1.52768,
39629,4.25885,1.49962,
39639,4.25922,1.49962,
39649,4.25776,1.48694,
39659,4.25728,1.46937,
39669,4.25896,1.45266,
39679,4.25958,1.45266,
39689,4.25861,1.43017,
39699,4.2583,1.42094,
39709,4.25897,1.41214,
39719,4.25945,1.4057,
39729,4.25829,1.38819,
39739,4.25886,1.38819,
39749,4.25828,1.36973,
39759,4.25981,1.36458,
39769,4.25583,1.35404,
39779,4.2559,1.33238,
39789,4.25529,1.32249,
39799,4.25541,1.31126,
39809,4.25661,1.30298,
39819,4.25488,1.28017,
39829,4.25663,1.27423,
39839,4.25674,1.27423,
39849,4.25601,1.25435,
39859,4.25544,1.25435,
39869,4.25564,1.22667,
39879,4.25599,1.21841,
39889,4.25517,1.20196,
39899,4.25668,1.18779,
39909,4.25599,1.18779,
39919,4.25626,1.17269,
39929,4.25385,1.16159,
39939,4.25486,1.14238,
39949,4.25648,1.13679,
39959,4.25507,1.12901,
39969,4.25509,1.1132,
39979,4.25657,1.10459,
39989,4.2551,1.09647,
39999,4.25537,1.0835,
40009,4.25604,1.07596,
40019,4.25577,1.06799,
40029,4.25648,1.05949,
40039,4.256,1.04603,
40049,4.2563,1.04247,
40059,4.25413,1.03619,
40069,4.25508,1.03315,
40079,4.25645,1.02805,
40089,4.25355,1.02056,
40099,4.2543,1.01026,
40109,4.25522,1.00388,
40119,4.25634,0.996672,
40129,4.25493,0.996672,
40139,4.25403,0.988886,
40149,4.25497,0.979662,
40159,4.25592,0.973714,
40169,4.25587,0.972966,
40179,4.25333,0.961082,
40189,4.2543,0.956435,
40199,4.25547,0.948706,
40209,4.25634,0.946558,
40219,4.25485,0.94656,
40229,4.25144,0.935235,
40239,4.2526,0.922342,
40249,4.2534,0.917255,
40259,4.25423,0.914332,
40269,4.25298,0.904593,
40279,4.25407,0.898545,
40289,4.25357,0.896812,
40299,4.25177,0.884896,
40309,4.25266,0.879778,
40319,4.25385,0.867876,
40329,4.25382,0.864816,
40339,4.25379,0.85657,
40340,4.25498,0.853991,Finish=FinishedChargeCurrent
40370,4.10785,-0.00106979,
40400,4.09873,-0.00106795,
40430,4.09322,-0.00106681,
40460,4.08941,-0.00106597,
40490,4.08636,-0.00106518,
40520,4.08385,-0.00106462,
40550,4.08176,-0.00106415,
40580,4.08004,-0.00106369,
40610,4.07854,-0.00106334,
40640,4.07718,-0.00106304,
40670,4.07606,-0.00106277,
40700,4.07502,-0.0010625,
40730,4.07403,-0.0010622,
40760,4.07323,-0.00106196,
40790,4.07241,-0.0010618,
40820,4.07176,-0.00106158,
40850,4.07105,-0.00106152,
40880,4.07044,-0.00106128,
40910,4.06991,-0.0010612,
40940,4.06918,-0.00106106,Finish=MaxDischargeTime
40950,3.4116,-4.49666,
40960,3.38704,-4.49675,
40970,3.37519,-4.49671,
40980,3.36758,-4.49666,
40990,3.36262,-4.4966,
41000,3.35907,-4.49663,
41010,3.35702,-4.4967,
41020,3.35577,-4.49669,
41030,3.35513,-4.49657,
41040,3.35494,-4.49653,
41050,3.35498,-4.49684,
41060,3.35525,-4.49677,
41070,3.35562,-4.49673,
41080,3.35602,-4.49665,
41090,3.35648,-4.49682,
41100,3.35701,-4.49659,
41110,3.35741,-4.49665,
41120,3.35768,-4.49673,
41130,3.358,-4.4967,
41140,3.35819,-4.49674,
41150,3.3583,-4.49659,
41160,3.35838,-4.49658,
41170,3.35811,-4.4967,
41180,3.35777,-4.49658,
41190,3.35739,-4.49675,
41200,3.35664,-4.4967,
41210,3.35565,-4.49675,
41220,3.35457,-4.49663,
41230,3.35335,-4.49655,
41240,3.35163,-4.49656,
41250,3.34978,-4.49671,
41260,3.34765,-4.49669,
41270,3.34527,-4.49656,
41280,3.34237,-4.49664,
41290,3.33938,-4.49688,
41300,3.33602,-4.49652,
41310,3.33245,-4.4967,
41320,3.32879,-4.49659,
41330,3.32458,-4.49643,
41340,3.3204,-4.49668,
41350,3.31613,-4.49673,
41360,3.31165,-4.49673,
41370,3.30667,-4.49639,
41380,3.30133,-4.49678,
41390,3.29613,-4.49676,
41400,3.29043,-4.49661,
41410,3.28474,-4.49668,
41420,3.27887,-4.4966,
41430,3.27279,-4.49658,
41440,3.26692,-4.49667,
41450,3.26116,-4.49677,
41460,3.25545,-4.49656,
41470,3.24951,-4.49647,
41480,3.2439,-4.49656,
41490,3.23756,-4.49662,
41500,3.23192,-4.49671,
41510,3.22604,-4.49651,
41520,3.22048,-4.49645,
41530,3.21504,-4.49651,
41540,3.20975,-4.49672,
41550,3.20457,-4.49663,
41560,3.19995,-4.49685,
41570,3.1953,-4.49663,
41580,3.19059,-4.49662,
41590,3.18621,-4.4967,
41600,3.18195,-4.49672,
41610,3.17786,-4.49656,
41621,3.174,-4.49655,
41631,3.17033,-4.4966,
41641,3.1668,-4.49658,
41651,3.16333,-4.49655,
41661,3.16012,-4.49658,
41671,3.15703,-4.49662,
41681,3.15436,-4.49659,
41691,3.15159,-4.49674,
41701,3.14878,-4.49668,
41711,3.14617,-4.49669,
41721,3.14355,-4.49667,
41731,3.14104,-4.49663,
41741,3.13848,-4.49664,
41751,3.13625,-4.49679,
41761,3.13384,-4.49674,
41771,3.13141,-4.49654,
41781,3.12937,-4.49677,
41791,3.12715,-4.49666,
41801,3.12479,-4.49683,
41811,3.12255,-4.49656,
41821,3.12025,-4.49653,
41831,3.11783,-4.49678,
41841,3.11558,-4.49665,
41851,3.1132,-4.49653,
41861,3.11078,-4.49644,
41871,3.10847,-4.49655,
41881,3.10611,-4.49662,
41891,3.1039,-4.49639,
41901,3.10168,-4.49648,
41911,3.09917,-4.49662,
41921,3.09704,-4.49672,
41931,3.09445,-4.49654,
41941,3.09214,-4.49677,
41951,3.08985,-4.49667,
41961,3.08763,-4.49658,
41971,3.0855,-4.49657,
41981,3.08336,-4.49658,
41991,3.08093,-4.49664,
42001,3.07954,-4.49664,
42011,3.07757,-4.49653,
42021,3.07555,-4.49667,
42031,3.07379,-4.49655,
42041,3.07191,-4.49643,
42051,3.07017,-4.49665,
42061,3.06856,-4.49651,
42071,3.06676,-4.49676,
42081,3.06521,-4.49649,
42091,3.06367,-4.49679,
42101,3.06214,-4.49643,
42111,3.06074,-4.49681,
42121,3.05918,-4.49665,
42131,3.05778,-4.49643,
42141,3.05629,-4.49649,
42151,3.05487,-4.49657,
42161,3.05341,-4.49652,
42171,3.05215,-4.49644,
42181,3.05074,-4.49652,
42191,3.04927,-4.49642,
42201,3.04791,-4.49667,
42211,3.04645,-4.49652,
42221,3.0452,-4.49666,
42231,3.04373,-4.49666,
42241,3.04211,-4.49657,
42251,3.04072,-4.49676,
42261,3.03924,-4.49666,
42271,3.03747,-4.49655,
42281,3.03577,-4.49666,
42291,3.03404,-4.49668,
42301,3.03211,-4.49666,
42311,3.03034,-4.49623,
42321,3.02842,-4.4964,
42331,3.02654,-4.4965,
42341,3.02458,-4.49661,
42351,3.02259,-4.49645,
42361,3.02035,-4.49664,
42371,3.01825,-4.4968,
42381,3.01595,-4.49644,
42391,3.01343,-4.49659,
42401,3.01115,-4.49675,
42411,3.0086,-4.49671,
42421,3.00606,-4.49656,
42431,3.00343,-4.49641,
42441,3.00112,-4.49667,
42451,2.99876,-4.4967,
42461,2.99617,-4.49679,
42471,2.99366,-4.49677,
42481,2.99109,-4.49664,
42491,2.98859,-4.4966,
42501,2.98605,-4.49633,
42511,2.98368,-4.49657,
42521,2.98116,-4.49655,
42531,2.97891,-4.4965,
42541,2.97661,-4.49661,
42551,2.97438,-4.49655,
42561,2.97228,-4.49649,
42571,2.97011,-4.49658,
42581,2.96788,-4.49655,
42591,2.96574,-4.49662,
42601,2.96366,-4.49642,
42611,2.96153,-4.49645,
42621,2.95929,-4.49668,
42631,2.95728,-4.49645,
42641,2.95516,-4.49673,
42651,2.95311,-4.4967,
42661,2.9511,-4.4968,
42671,2.9491,-4.49659,
42681,2.94694,-4.49675,
42691,2.94476,-4.49651,
42701,2.94275,-4.49644,
42711,2.9404,-4.49658,
42721,2.93812,-4.49659,
42731,2.93579,-4.49673,
42741,2.9333,-4.4967,
42751,2.93085,-4.49682,
42761,2.92822,-4.49654,
42771,2.92568,-4.49642,
42781,2.92316,-4.49647,
42791,2.92017,-4.49648,
42801,2.91727,-4.49645,
42811,2.91413,-4.49641,
42821,2.91097,-4.49643,
42831,2.90754,-4.49661,
42841,2.90421,-4.49678,
42851,2.90051,-4.49648,
42861,2.89673,-4.49647,
42871,2.89304,-4.49651,
42881,2.88902,-4.49643,
42891,2.88512,-4.49661,
42901,2.8811,-4.4965,
42911,2.87678,-4.49652,
42921,2.87239,-4.49665,
42931,2.86786,-4.49679,
42941,2.8632,-4.49633,
42951,2.85862,-4.49667,
42961,2.85397,-4.49656,
42971,2.84915,-4.49647,
42981,2.8444,-4.49663,
42991,2.83955,-4.49653,
43001,2.83499,-4.49665,
43011,2.83041,-4.49663,
43021,2.82552,-4.49651,
43031,2.8206,-4.4967,
43041,2.81579,-4.49649,
43051,2.81079,-4.49638,
43061,2.80584,-4.4966,
43071,2.80075,-4.49656,
43081,2.79554,-4.49653,
43091,2.79023,-4.49659,
43101,2.78528,-4.49632,
43111,2.78028,-4.49659,
43121,2.77518,-4.49654,
43131,2.76971,-4.49664,
43141,2.7641,-4.49645,
43151,2.75856,-4.49649,
43161,2.75287,-4.49656,
43171,2.74692,-4.49667,
43181,2.7409,-4.49644,
43191,2.7348,-4.49641,
43201,2.72834,-4.49652,
43211,2.72185,-4.49662,
43221,2.71503,-4.49653,
43231,2.70839,-4.4965,
43241,2.70139,-4.49671,
43251,2.69389,-4.49644,
43261,2.68583,-4.49639,
43271,2.67751,-4.49652,
43281,2.66904,-4.4965,
43291,2.65978,-4.49644,
43301,2.65054,-4.4967,
43311,2.64039,-4.49656,
43321,2.63001,-4.49649,
43331,2.61963,-4.49655,
43341,2.60866,-4.49647,
43351,2.59668,-4.49636,
43361,2.58405,-4.49659,
43371,2.57063,-4.49658,
43381,2.55677,-4.49645,
43391,2.54195,-4.49643,
43401,2.52649,-4.49668,
43411,2.5102,-4.49644,
43414,2.49804,-4.49647,Finish=CutoffV
43444,3.25104,-0.000862873,
43474,3.33781,-0.000876104,
43504,3.37709,-0.000884292,
43534,3.40225,-0.000889497,
43564,3.4208,-0.000893917,
43594,3.43424,-0.000896791,
43624,3.44427,-0.000899176,
43654,3.45187,-0.000900939,
43684,3.45777,-0.00090224,
43714,3.46243,-0.000903433,
43744,3.46597,-0.000904057,
43774,3.46893,-0.00090487,
43804,3.47144,-0.000905467,
43834,3.47353,-0.000905955,
43864,3.47521,-0.000906388,
43894,3.47664,-0.000906714,
43924,3.47789,-0.000907039,
43954,3.47899,-0.000907283,
43984,3.47996,-0.000907473,
44014,3.48109,-0.000907717,Finish=MaxDischargeTime
44024,3.51928,0.802951,
44034,3.64683,1.60055,
44044,3.74624,2.20019,
44054,3.8298,2.7969,
44064,3.92331,3.59582,
44074,4.01481,,
44084,4.04991,,
44094,4.06235,4.06192,
44104,4.07338,4.07907,
44114,4.08266,4.08222,
44124,4.08987,4.077,
44134,4.09755,4.10075,
44144,4.10365,4.10633,
44154,4.10971,4.11179,
44164,4.11595,4.11822,
44174,4.12057,4.12709,
44184,4.12444,4.13939,
44194,4.12933,4.1601,
44204,4.13355,4.1707,
44214,4.13731,4.18778,
44224,4.1411,4.18505,
44234,4.14435,4.19395,
44244,4.14764,4.20155,
44254,4.15071,4.21615,
44264,4.15347,4.21548,
44274,4.15605,4.22168,
44284,4.15963,4.21913,
44294,4.16232,4.22237,
44304,4.16371,4.22428,
44314,4.16609,4.2348,
44324,4.16905,4.23401,
44334,4.17121,4.23294,
44344,4.17353,4.23506,
44354,4.17496,4.23844,
44364,4.17763,4.23778,
44374,4.17972,4.24327,
44384,4.18134,4.24494,
44394,4.1834,4.2616,
44404,4.18517,4.2607,
44414,4.18708,4.26002,
44424,4.18885,4.26216,
44434,4.19139,4.26917,
44444,4.19269,4.276,
44454,4.19446,4.27414,
44464,4.19637,4.2719,
44474,4.19678,4.27216,
44484,4.19935,4.2724,
44494,4.19995,4.2599,
44504,4.20174,4.25719,
44514,4.20272,4.25822,
44524,4.20386,4.26565,
44534,4.20472,4.26286,
44544,4.20677,4.26166,
44554,4.20751,4.26092,
44564,4.20776,4.26573,
44574,4.2084,4.25381,
44584,4.20925,4.25977,
44594,4.21044,4.26108,
44604,4.21094,4.27067,
44614,4.21132,4.27404,
44624,4.21248,4.26795,
44634,4.21287,4.26634,
44644,4.21317,4.26957,
44654,4.21365,4.26904,
44664,4.21404,4.27823,
44674,4.21459,4.28369,
44684,4.21488,4.28414,
44694,4.21534,4.28201,
44704,4.21637,4.27957,
44714,4.21631,4.28239,
44724,4.21729,4.28256,
44734,4.21711,4.28589,
44744,4.21834,4.287,
44754,4.21851,4.29099,
44764,4.21921,4.29402,
44774,4.21924,4.29679,
44784,4.22002,4.28519,
44794,4.22048,4.29439,
44804,4.22141,4.29387,
44814,4.22256,4.2964,
44824,4.22292,4.29447,
44834,4.22344,4.29432,
44844,4.22468,4.29169,
44854,4.22516,4.28504,
44864,4.22625,4.27471,
44874,4.22721,4.2654,
44884,4.22805,4.26112,
44894,4.22938,4.26292,
44904,4.23109,4.26154,
44914,4.23126,4.25963,
44924,4.23215,4.26102,
44934,4.23274,4.26524,
44944,4.23369,4.26598,
44954,4.23515,4.26674,
44964,4.23587,4.26595,
44974,4.237,4.26675,
44984,4.23764,4.27395,
44994,4.2389,4.28026,
45004,4.2393,4.26944,
45014,4.23994,4.26297,
45024,4.24124,4.26255,
45034,4.24136,4.27933,
45044,4.24279,4.27895,
45054,4.24277,4.27137,
45064,4.24377,4.27043,
45074,4.24414,4.27036,
45084,4.2451,4.26552,
45094,4.24546,4.26394,
45104,4.24644,4.26928,
45114,4.24618,4.27111,
45124,4.24715,4.27823,
45134,4.24746,4.2771,
45144,4.24802,4.27127,
45154,4.24878,4.27533,
45164,4.24941,4.27985,
45174,4.25026,4.28248,
45184,4.25044,4.2778,
45194,4.251,4.27994,
45204,4.25105,4.27019,
45214,4.25193,4.26509,
45224,4.25244,4.26715,
45234,4.25301,4.25857,
45244,4.25403,4.24968,
45254,4.25494,4.25001,
45264,4.25544,4.25262,
45274,4.25584,4.24482,
45284,4.25641,4.24773,
45294,4.25621,4.25343,
45304,4.25441,4.25462,
45314,4.25585,4.25359,
45324,4.25706,4.25021,
45334,4.25792,4.24138,
45344,4.25943,4.24231,
45354,4.25763,4.23874,
45364,4.25598,4.23637,
45374,4.25646,4.23231,
45384,4.25792,4.21475,
45394,4.25802,4.21284,
45404,4.25875,4.19944,
45414,4.25549,4.17684,
45424,4.25698,4.16168,
45434,4.25787,4.15462,
45444,4.25845,4.14521,
45454,4.25936,4.14521,
45464,4.25692,4.12037,
45474,4.2567,4.10144,
45484,4.2572,4.10144,
45494,4.25743,4.08185,
45504,4.25858,4.05517,
45514,4.25949,4.04745,
45524,4.25792,4.02231,
45534,4.25794,4.01358,
45544,4.25807,4.00007,
45554,4.26018,3.99288,
45564,4.25831,3.98247,
45574,4.25342,3.96528,
45584,4.25531,3.96352,
45594,4.25594,3.93412,
45604,4.25759,3.91002,
45614,4.25889,3.90113,
45624,4.259,3.89612,
45634,4.25767,3.86902,
45644,4.25979,3.86156,
45654,4.25612,3.84895,
45664,4.25773,3.82578,
45674,4.26046,3.82578,
45684,4.25665,3.80961,
45694,4.25804,3.79526,
45704,4.25854,3.78474,
45714,4.25802,3.76477,
45724,4.25907,3.75238,
45734,4.25889,3.737,
45744,4.25658,3.72432,
45754,4.2584,3.69781,
45764,4.25896,3.69781,
45774,4.25726,3.67871,
45784,4.2582,3.67871,
45794,4.25681,3.6627,
45804,4.25841,3.64953,
45814,4.2584,3.63443,
45824,4.25722,3.62153,
45834,4.25879,3.59518,
45844,4.25902,3.58029,
45854,4.25916,3.55141,
45864,4.25827,3.51052,
45874,4.25887,3.4982,
45884,4.25887,3.46771,
45894,4.25737,3.44971,
45904,4.25767,3.42137,
45914,4.2598,3.41531,
45924,4.2589,3.40297,
45934,4.25643,3.37391,
45944,4.25763,3.35168,
45954,4.25792,3.34147,
45964,4.25599,3.329,
45974,4.25632,3.30719,
45984,4.25773,3.27973,
45994,4.25636,3.27973,
46004,4.25564,3.26164,
46014,4.25678,3.231,
46024,4.25779,3.21848,
46034,4.25764,3.18691,
46044,4.25945,3.14678,
46054,4.25746,3.14678,
46064,4.25769,3.12401,
46074,4.26003,3.08977,
46084,4.25808,3.0602,
46094,4.25746,3.0602,
46104,4.25907,3.02609,
46114,4.25814,3.00485,
46124,4.25932,2.99463,
46134,4.25878,2.9845,
46144,4.25673,2.96277,
46154,4.25706,2.95203,
46164,4.25864,2.93767,
46174,4.25814,2.91754,
46184,4.25855,2.91754,
46194,4.25779,2.89604,
46204,4.25938,2.88065,
46214,4.25837,2.85353,
46224,4.25938,2.82733,
46234,4.25903,2.81263,
46244,4.2584,2.80409,
46254,4.257,2.77118,
46264,4.25888,2.74861,
46274,4.25808,2.7397,
46284,4.25899,2.73149,
46294,4.25856,2.72022,
46304,4.25682,2.69153,
46314,4.25864,2.66125,
46324,4.25755,2.62858,
46334,4.25994,2.61413,
46344,4.25892,2.603,
46354,4.25863,2.58897,
46364,4.25857,2.58897,
46374,4.25878,2.55965,
46384,4.25808,2.53701,
46394,4.26015,2.53136,
46404,4.25752,2.49547,
46414,4.25937,2.46134,
46424,4.26033,2.46134,
46434,4.25937,2.45044,
46444,4.25781,2.42272,
46454,4.25898,2.40617,
46464,4.2589,2.37998,
46474,4.26003,2.37998,
46484,4.26034,2.34364,
46494,4.25894,2.31613,
46504,4.2583,2.29994,
46514,4.25915,2.29994,
46524,4.25789,2.26697,
46534,4.26004,2.25179,
46544,4.25874,2.23547,
46554,4.25961,2.2273,
46564,4.25787,2.20873,
46574,4.25794,2.19311,
46585,4.25929,2.16504,
46595,4.25994,2.16504,
46605,4.25765,2.13317,
46615,4.25672,2.10136,
46625,4.25812,2.06848,
46635,4.25823,2.05776,
46645,4.25729,2.05214,
46655,4.25823,2.04332,
46665,4.25645,2.02963,
46675,4.25762,1.99996,
46685,4.25899,1.98741,
46695,4.25956,1.97967,
46705,4.25922,1.95569,
46715,4.25722,1.94271,
46725,4.25851,1.93979,
46735,4.25704,1.91712,
46745,4.25888,1.90744,
46755,4.25681,1.89764,
46765,4.25741,1.8738,
46775,4.25916,1.8738,
46785,4.25752,1.85413,
46795,4.25903,1.84732,
46805,4.25946,1.83797,
46815,4.25902,1.82057,
46825,4.25861,1.80249,
46835,4.25892,1.79162,
46845,4.25919,1.79162,
46855,4.25873,1.77015,
46865,4.26039,1.76245,
46875,4.25896,1.75548,
46885,4.25822,1.74391,
46895,4.25826,1.72987,
46905,4.25899,1.72266,
46915,4.25837,1.70126,
46925,4.26048,1.68995,
46935,4.25862,1.67202,
46945,4.25975,1.66429,
46955,4.2586,1.63656,
46965,4.25893,1.63656,
46975,4.25863,1.61236,
46985,4.25733,1.58701,
46995,4.25859,1.57521,
47005,4.26021,1.56674,
47015,4.25873,1.54335,
47025,4.25932,1.54335,
47035,4.25896,1.51999,
47045,4.26026,1.51999,
47055,4.25962,1.49606,
47065,4.25884,1.4877,
47075,4.2604,1.47702,
47085,4.25875,1.46758,
47095,4.25759,1.45881,
47105,4.25857,1.43966,
47115,4.26011,1.43966,
47125,4.25894,1.4218,
47135,4.2589,1.4218,
47145,4.25846,1.40023,
47155,4.26001,1.38832,
47163,,,Finish=UserRequest:Stop
